,Year,County,crop Name,crop Type,all_yield,Irrig_status
1,2001,Cheyenne,Wheat,WheatGDD,46,Irrigated
5,2005,Cheyenne,Wheat,WheatGDD,40.5,Irrigated
9,2009,Cheyenne,Wheat,WheatGDD,62.9,Irrigated
10,2010,Cheyenne,Wheat,WheatGDD,60.6,Irrigated
12,2012,Cheyenne,Wheat,WheatGDD,70.8,Irrigated
13,2013,Cheyenne,Wheat,WheatGDD,58.8,Irrigated
14,2014,Cheyenne,Wheat,WheatGDD,74.3,Irrigated
15,2015,Cheyenne,Wheat,WheatGDD,63.6,Irrigated
16,2016,Cheyenne,Wheat,WheatGDD,74.9,Irrigated
17,2017,Cheyenne,Wheat,WheatGDD,66.7,Irrigated
18,2018,Cheyenne,Wheat,WheatGDD,55,Irrigated
19,2019,Cheyenne,Wheat,WheatGDD,80.7,Irrigated
20,2020,Cheyenne,Wheat,WheatGDD,52.8,Irrigated
21,2000,Cheyenne,Wheat,WheatGDD,26.4,Non-Irrigated
22,2001,Cheyenne,Wheat,WheatGDD,34.2,Non-Irrigated
23,2002,Cheyenne,Wheat,WheatGDD,21.6,Non-Irrigated
24,2003,Cheyenne,Wheat,WheatGDD,31.2,Non-Irrigated
26,2005,Cheyenne,Wheat,WheatGDD,18.7,Non-Irrigated
27,2006,Cheyenne,Wheat,WheatGDD,16.8,Non-Irrigated
28,2007,Cheyenne,Wheat,WheatGDD,47.4,Non-Irrigated
29,2008,Cheyenne,Wheat,WheatGDD,42.5,Non-Irrigated
30,2009,Cheyenne,Wheat,WheatGDD,48.4,Non-Irrigated
31,2010,Cheyenne,Wheat,WheatGDD,56.3,Non-Irrigated
32,2011,Cheyenne,Wheat,WheatGDD,54.4,Non-Irrigated
33,2012,Cheyenne,Wheat,WheatGDD,55,Non-Irrigated
34,2013,Cheyenne,Wheat,WheatGDD,25.3,Non-Irrigated
35,2014,Cheyenne,Wheat,WheatGDD,32.1,Non-Irrigated
36,2015,Cheyenne,Wheat,WheatGDD,37.4,Non-Irrigated
37,2016,Cheyenne,Wheat,WheatGDD,66.5,Non-Irrigated
38,2017,Cheyenne,Wheat,WheatGDD,57.2,Non-Irrigated
39,2018,Cheyenne,Wheat,WheatGDD,43.1,Non-Irrigated
40,2019,Cheyenne,Wheat,WheatGDD,67.3,Non-Irrigated
41,2020,Cheyenne,Wheat,WheatGDD,41.2,Non-Irrigated
42,2000,Decatur,Wheat,WheatGDD,34.2,Non-Irrigated
43,2001,Decatur,Wheat,WheatGDD,41.6,Non-Irrigated
44,2002,Decatur,Wheat,WheatGDD,33.4,Non-Irrigated
45,2003,Decatur,Wheat,WheatGDD,40.5,Non-Irrigated
47,2005,Decatur,Wheat,WheatGDD,42.8,Non-Irrigated
49,2007,Decatur,Wheat,WheatGDD,48.7,Non-Irrigated
50,2008,Decatur,Wheat,WheatGDD,39.1,Non-Irrigated
51,2009,Decatur,Wheat,WheatGDD,57.2,Non-Irrigated
52,2010,Decatur,Wheat,WheatGDD,49.5,Non-Irrigated
53,2011,Decatur,Wheat,WheatGDD,49.8,Non-Irrigated
54,2012,Decatur,Wheat,WheatGDD,51.2,Non-Irrigated
55,2013,Decatur,Wheat,WheatGDD,22.2,Non-Irrigated
56,2014,Decatur,Wheat,WheatGDD,31.5,Non-Irrigated
57,2015,Decatur,Wheat,WheatGDD,28.4,Non-Irrigated
58,2016,Decatur,Wheat,WheatGDD,66.5,Non-Irrigated
59,2017,Decatur,Wheat,WheatGDD,47,Non-Irrigated
60,2018,Decatur,Wheat,WheatGDD,41.6,Non-Irrigated
61,2019,Decatur,Wheat,WheatGDD,69.3,Non-Irrigated
62,2020,Decatur,Wheat,WheatGDD,44.4,Non-Irrigated
63,2000,Decatur,Wheat,WheatGDD,34.2,Non-Irrigated
64,2001,Decatur,Wheat,WheatGDD,41.6,Non-Irrigated
65,2002,Decatur,Wheat,WheatGDD,33.4,Non-Irrigated
66,2003,Decatur,Wheat,WheatGDD,40.5,Non-Irrigated
68,2005,Decatur,Wheat,WheatGDD,42.8,Non-Irrigated
70,2007,Decatur,Wheat,WheatGDD,48.7,Non-Irrigated
71,2008,Decatur,Wheat,WheatGDD,39.1,Non-Irrigated
72,2009,Decatur,Wheat,WheatGDD,57.2,Non-Irrigated
73,2010,Decatur,Wheat,WheatGDD,49.5,Non-Irrigated
74,2011,Decatur,Wheat,WheatGDD,49.8,Non-Irrigated
75,2012,Decatur,Wheat,WheatGDD,51.2,Non-Irrigated
76,2013,Decatur,Wheat,WheatGDD,22.2,Non-Irrigated
77,2014,Decatur,Wheat,WheatGDD,31.5,Non-Irrigated
78,2015,Decatur,Wheat,WheatGDD,28.4,Non-Irrigated
79,2016,Decatur,Wheat,WheatGDD,66.5,Non-Irrigated
80,2017,Decatur,Wheat,WheatGDD,47,Non-Irrigated
81,2018,Decatur,Wheat,WheatGDD,41.6,Non-Irrigated
82,2019,Decatur,Wheat,WheatGDD,69.3,Non-Irrigated
83,2020,Decatur,Wheat,WheatGDD,44.4,Non-Irrigated
84,2000,Gove,Wheat,WheatGDD,41,Irrigated
85,2001,Gove,Wheat,WheatGDD,48.9,Irrigated
86,2002,Gove,Wheat,WheatGDD,43.1,Irrigated
87,2003,Gove,Wheat,WheatGDD,52.9,Irrigated
89,2005,Gove,Wheat,WheatGDD,51.4,Irrigated
92,2008,Gove,Wheat,WheatGDD,51.5,Irrigated
93,2009,Gove,Wheat,WheatGDD,54.9,Irrigated
95,2011,Gove,Wheat,WheatGDD,62.9,Irrigated
96,2012,Gove,Wheat,WheatGDD,65,Irrigated
97,2013,Gove,Wheat,WheatGDD,44.8,Irrigated
98,2014,Gove,Wheat,WheatGDD,66.9,Irrigated
99,2015,Gove,Wheat,WheatGDD,59.2,Irrigated
100,2016,Gove,Wheat,WheatGDD,78.6,Irrigated
101,2017,Gove,Wheat,WheatGDD,46.5,Irrigated
102,2018,Gove,Wheat,WheatGDD,51.6,Irrigated
103,2019,Gove,Wheat,WheatGDD,87.5,Irrigated
104,2020,Gove,Wheat,WheatGDD,43,Irrigated
105,2000,Gove,Wheat,WheatGDD,33.6,Non-Irrigated
107,2002,Gove,Wheat,WheatGDD,28.9,Non-Irrigated
110,2005,Gove,Wheat,WheatGDD,37.2,Non-Irrigated
112,2007,Gove,Wheat,WheatGDD,46.8,Non-Irrigated
113,2008,Gove,Wheat,WheatGDD,34.1,Non-Irrigated
114,2009,Gove,Wheat,WheatGDD,52.2,Non-Irrigated
115,2010,Gove,Wheat,WheatGDD,49.3,Non-Irrigated
116,2011,Gove,Wheat,WheatGDD,30.2,Non-Irrigated
117,2012,Gove,Wheat,WheatGDD,47.4,Non-Irrigated
118,2013,Gove,Wheat,WheatGDD,30.8,Non-Irrigated
119,2014,Gove,Wheat,WheatGDD,35.5,Non-Irrigated
120,2015,Gove,Wheat,WheatGDD,25.8,Non-Irrigated
121,2016,Gove,Wheat,WheatGDD,57.4,Non-Irrigated
122,2017,Gove,Wheat,WheatGDD,32.4,Non-Irrigated
123,2018,Gove,Wheat,WheatGDD,35.9,Non-Irrigated
124,2019,Gove,Wheat,WheatGDD,63.5,Non-Irrigated
125,2020,Gove,Wheat,WheatGDD,35.6,Non-Irrigated
126,2000,Graham,Wheat,WheatGDD,37.7,Non-Irrigated
128,2002,Graham,Wheat,WheatGDD,26.8,Non-Irrigated
129,2003,Graham,Wheat,WheatGDD,40.5,Non-Irrigated
131,2005,Graham,Wheat,WheatGDD,37.8,Non-Irrigated
132,2006,Graham,Wheat,WheatGDD,18.7,Non-Irrigated
133,2007,Graham,Wheat,WheatGDD,35.4,Non-Irrigated
134,2008,Graham,Wheat,WheatGDD,30.4,Non-Irrigated
135,2009,Graham,Wheat,WheatGDD,50.7,Non-Irrigated
136,2010,Graham,Wheat,WheatGDD,45.7,Non-Irrigated
138,2012,Graham,Wheat,WheatGDD,42,Non-Irrigated
139,2013,Graham,Wheat,WheatGDD,29.9,Non-Irrigated
140,2014,Graham,Wheat,WheatGDD,33,Non-Irrigated
141,2015,Graham,Wheat,WheatGDD,25.5,Non-Irrigated
142,2016,Graham,Wheat,WheatGDD,59.8,Non-Irrigated
143,2017,Graham,Wheat,WheatGDD,39.2,Non-Irrigated
144,2018,Graham,Wheat,WheatGDD,33,Non-Irrigated
145,2019,Graham,Wheat,WheatGDD,55.9,Non-Irrigated
146,2020,Graham,Wheat,WheatGDD,41.1,Non-Irrigated
147,2000,Graham,Wheat,WheatGDD,37.7,Non-Irrigated
149,2002,Graham,Wheat,WheatGDD,26.8,Non-Irrigated
150,2003,Graham,Wheat,WheatGDD,40.5,Non-Irrigated
152,2005,Graham,Wheat,WheatGDD,37.8,Non-Irrigated
153,2006,Graham,Wheat,WheatGDD,18.7,Non-Irrigated
154,2007,Graham,Wheat,WheatGDD,35.4,Non-Irrigated
155,2008,Graham,Wheat,WheatGDD,30.4,Non-Irrigated
156,2009,Graham,Wheat,WheatGDD,50.7,Non-Irrigated
157,2010,Graham,Wheat,WheatGDD,45.7,Non-Irrigated
159,2012,Graham,Wheat,WheatGDD,42,Non-Irrigated
160,2013,Graham,Wheat,WheatGDD,29.9,Non-Irrigated
161,2014,Graham,Wheat,WheatGDD,33,Non-Irrigated
162,2015,Graham,Wheat,WheatGDD,25.5,Non-Irrigated
163,2016,Graham,Wheat,WheatGDD,59.8,Non-Irrigated
164,2017,Graham,Wheat,WheatGDD,39.2,Non-Irrigated
165,2018,Graham,Wheat,WheatGDD,33,Non-Irrigated
166,2019,Graham,Wheat,WheatGDD,55.9,Non-Irrigated
167,2020,Graham,Wheat,WheatGDD,41.1,Non-Irrigated
168,2000,Logan,Wheat,WheatGDD,26.5,Non-Irrigated
171,2003,Logan,Wheat,WheatGDD,33.9,Non-Irrigated
173,2005,Logan,Wheat,WheatGDD,38.6,Non-Irrigated
174,2006,Logan,Wheat,WheatGDD,20.4,Non-Irrigated
175,2007,Logan,Wheat,WheatGDD,48.1,Non-Irrigated
176,2008,Logan,Wheat,WheatGDD,26.7,Non-Irrigated
177,2009,Logan,Wheat,WheatGDD,45.7,Non-Irrigated
178,2010,Logan,Wheat,WheatGDD,50.3,Non-Irrigated
179,2011,Logan,Wheat,WheatGDD,17.7,Non-Irrigated
180,2012,Logan,Wheat,WheatGDD,46.9,Non-Irrigated
181,2013,Logan,Wheat,WheatGDD,18.4,Non-Irrigated
182,2014,Logan,Wheat,WheatGDD,26.9,Non-Irrigated
183,2015,Logan,Wheat,WheatGDD,32.9,Non-Irrigated
184,2016,Logan,Wheat,WheatGDD,54.3,Non-Irrigated
185,2017,Logan,Wheat,WheatGDD,33.9,Non-Irrigated
186,2018,Logan,Wheat,WheatGDD,34.1,Non-Irrigated
187,2019,Logan,Wheat,WheatGDD,55.4,Non-Irrigated
188,2020,Logan,Wheat,WheatGDD,38.7,Non-Irrigated
189,2000,Logan,Wheat,WheatGDD,26.5,Non-Irrigated
192,2003,Logan,Wheat,WheatGDD,33.9,Non-Irrigated
194,2005,Logan,Wheat,WheatGDD,38.6,Non-Irrigated
195,2006,Logan,Wheat,WheatGDD,20.4,Non-Irrigated
196,2007,Logan,Wheat,WheatGDD,48.1,Non-Irrigated
197,2008,Logan,Wheat,WheatGDD,26.7,Non-Irrigated
198,2009,Logan,Wheat,WheatGDD,45.7,Non-Irrigated
199,2010,Logan,Wheat,WheatGDD,50.3,Non-Irrigated
200,2011,Logan,Wheat,WheatGDD,17.7,Non-Irrigated
201,2012,Logan,Wheat,WheatGDD,46.9,Non-Irrigated
202,2013,Logan,Wheat,WheatGDD,18.4,Non-Irrigated
203,2014,Logan,Wheat,WheatGDD,26.9,Non-Irrigated
204,2015,Logan,Wheat,WheatGDD,32.9,Non-Irrigated
205,2016,Logan,Wheat,WheatGDD,54.3,Non-Irrigated
206,2017,Logan,Wheat,WheatGDD,33.9,Non-Irrigated
207,2018,Logan,Wheat,WheatGDD,34.1,Non-Irrigated
208,2019,Logan,Wheat,WheatGDD,55.4,Non-Irrigated
209,2020,Logan,Wheat,WheatGDD,38.7,Non-Irrigated
210,2000,Rawlins,Wheat,WheatGDD,27.9,Non-Irrigated
213,2003,Rawlins,Wheat,WheatGDD,40.3,Non-Irrigated
216,2006,Rawlins,Wheat,WheatGDD,13.6,Non-Irrigated
219,2009,Rawlins,Wheat,WheatGDD,51.9,Non-Irrigated
220,2010,Rawlins,Wheat,WheatGDD,52.7,Non-Irrigated
221,2011,Rawlins,Wheat,WheatGDD,48.9,Non-Irrigated
222,2012,Rawlins,Wheat,WheatGDD,52.2,Non-Irrigated
223,2013,Rawlins,Wheat,WheatGDD,14.7,Non-Irrigated
224,2014,Rawlins,Wheat,WheatGDD,28.9,Non-Irrigated
225,2015,Rawlins,Wheat,WheatGDD,32.1,Non-Irrigated
226,2016,Rawlins,Wheat,WheatGDD,65.9,Non-Irrigated
227,2017,Rawlins,Wheat,WheatGDD,55.4,Non-Irrigated
228,2018,Rawlins,Wheat,WheatGDD,49.3,Non-Irrigated
229,2019,Rawlins,Wheat,WheatGDD,67.3,Non-Irrigated
230,2020,Rawlins,Wheat,WheatGDD,40.3,Non-Irrigated
231,2000,Rawlins,Wheat,WheatGDD,27.9,Non-Irrigated
234,2003,Rawlins,Wheat,WheatGDD,40.3,Non-Irrigated
237,2006,Rawlins,Wheat,WheatGDD,13.6,Non-Irrigated
240,2009,Rawlins,Wheat,WheatGDD,51.9,Non-Irrigated
241,2010,Rawlins,Wheat,WheatGDD,52.7,Non-Irrigated
242,2011,Rawlins,Wheat,WheatGDD,48.9,Non-Irrigated
243,2012,Rawlins,Wheat,WheatGDD,52.2,Non-Irrigated
244,2013,Rawlins,Wheat,WheatGDD,14.7,Non-Irrigated
245,2014,Rawlins,Wheat,WheatGDD,28.9,Non-Irrigated
246,2015,Rawlins,Wheat,WheatGDD,32.1,Non-Irrigated
247,2016,Rawlins,Wheat,WheatGDD,65.9,Non-Irrigated
248,2017,Rawlins,Wheat,WheatGDD,55.4,Non-Irrigated
249,2018,Rawlins,Wheat,WheatGDD,49.3,Non-Irrigated
250,2019,Rawlins,Wheat,WheatGDD,67.3,Non-Irrigated
251,2020,Rawlins,Wheat,WheatGDD,40.3,Non-Irrigated
253,2001,Sheridan,Wheat,WheatGDD,51.7,Irrigated
254,2002,Sheridan,Wheat,WheatGDD,42.7,Irrigated
257,2005,Sheridan,Wheat,WheatGDD,54.3,Irrigated
260,2008,Sheridan,Wheat,WheatGDD,53.4,Irrigated
261,2009,Sheridan,Wheat,WheatGDD,58.7,Irrigated
262,2010,Sheridan,Wheat,WheatGDD,65.5,Irrigated
263,2011,Sheridan,Wheat,WheatGDD,65.4,Irrigated
264,2012,Sheridan,Wheat,WheatGDD,65.2,Irrigated
265,2013,Sheridan,Wheat,WheatGDD,45.9,Irrigated
266,2014,Sheridan,Wheat,WheatGDD,70,Irrigated
267,2015,Sheridan,Wheat,WheatGDD,61.6,Irrigated
268,2016,Sheridan,Wheat,WheatGDD,66.2,Irrigated
269,2017,Sheridan,Wheat,WheatGDD,43.6,Irrigated
270,2018,Sheridan,Wheat,WheatGDD,54.8,Irrigated
271,2019,Sheridan,Wheat,WheatGDD,88.5,Irrigated
272,2020,Sheridan,Wheat,WheatGDD,48.1,Irrigated
273,2000,Sheridan,Wheat,WheatGDD,34.5,Non-Irrigated
274,2001,Sheridan,Wheat,WheatGDD,38.3,Non-Irrigated
275,2002,Sheridan,Wheat,WheatGDD,28.5,Non-Irrigated
276,2003,Sheridan,Wheat,WheatGDD,41.8,Non-Irrigated
278,2005,Sheridan,Wheat,WheatGDD,45.7,Non-Irrigated
280,2007,Sheridan,Wheat,WheatGDD,47.3,Non-Irrigated
281,2008,Sheridan,Wheat,WheatGDD,29,Non-Irrigated
282,2009,Sheridan,Wheat,WheatGDD,54.8,Non-Irrigated
283,2010,Sheridan,Wheat,WheatGDD,56.5,Non-Irrigated
284,2011,Sheridan,Wheat,WheatGDD,38.3,Non-Irrigated
285,2012,Sheridan,Wheat,WheatGDD,46.1,Non-Irrigated
286,2013,Sheridan,Wheat,WheatGDD,29.9,Non-Irrigated
287,2014,Sheridan,Wheat,WheatGDD,35.2,Non-Irrigated
288,2015,Sheridan,Wheat,WheatGDD,26.2,Non-Irrigated
289,2016,Sheridan,Wheat,WheatGDD,53.6,Non-Irrigated
290,2017,Sheridan,Wheat,WheatGDD,35.3,Non-Irrigated
291,2018,Sheridan,Wheat,WheatGDD,38.1,Non-Irrigated
292,2019,Sheridan,Wheat,WheatGDD,72.5,Non-Irrigated
293,2020,Sheridan,Wheat,WheatGDD,39.3,Non-Irrigated
301,2007,Sherman,Wheat,WheatGDD,61,Irrigated
303,2009,Sherman,Wheat,WheatGDD,60.1,Irrigated
304,2010,Sherman,Wheat,WheatGDD,64.1,Irrigated
305,2011,Sherman,Wheat,WheatGDD,54.5,Irrigated
306,2012,Sherman,Wheat,WheatGDD,66.9,Irrigated
308,2014,Sherman,Wheat,WheatGDD,67.8,Irrigated
309,2015,Sherman,Wheat,WheatGDD,55.4,Irrigated
310,2016,Sherman,Wheat,WheatGDD,75.4,Irrigated
311,2017,Sherman,Wheat,WheatGDD,49.5,Irrigated
312,2018,Sherman,Wheat,WheatGDD,56.4,Irrigated
313,2019,Sherman,Wheat,WheatGDD,83.3,Irrigated
314,2020,Sherman,Wheat,WheatGDD,57.4,Irrigated
315,2000,Sherman,Wheat,WheatGDD,29.2,Non-Irrigated
316,2001,Sherman,Wheat,WheatGDD,32.7,Non-Irrigated
317,2002,Sherman,Wheat,WheatGDD,22.1,Non-Irrigated
318,2003,Sherman,Wheat,WheatGDD,31.7,Non-Irrigated
321,2006,Sherman,Wheat,WheatGDD,18.9,Non-Irrigated
322,2007,Sherman,Wheat,WheatGDD,45.8,Non-Irrigated
323,2008,Sherman,Wheat,WheatGDD,29.5,Non-Irrigated
324,2009,Sherman,Wheat,WheatGDD,50,Non-Irrigated
325,2010,Sherman,Wheat,WheatGDD,57.2,Non-Irrigated
326,2011,Sherman,Wheat,WheatGDD,43.8,Non-Irrigated
327,2012,Sherman,Wheat,WheatGDD,47.9,Non-Irrigated
329,2014,Sherman,Wheat,WheatGDD,33.3,Non-Irrigated
330,2015,Sherman,Wheat,WheatGDD,40.8,Non-Irrigated
331,2016,Sherman,Wheat,WheatGDD,65.6,Non-Irrigated
332,2017,Sherman,Wheat,WheatGDD,28.7,Non-Irrigated
333,2018,Sherman,Wheat,WheatGDD,35.8,Non-Irrigated
334,2019,Sherman,Wheat,WheatGDD,64.5,Non-Irrigated
335,2020,Sherman,Wheat,WheatGDD,37,Non-Irrigated
336,2000,Thomas,Wheat,WheatGDD,43.6,Irrigated
338,2002,Thomas,Wheat,WheatGDD,44.3,Irrigated
344,2008,Thomas,Wheat,WheatGDD,57.4,Irrigated
345,2009,Thomas,Wheat,WheatGDD,55.4,Irrigated
346,2010,Thomas,Wheat,WheatGDD,65.8,Irrigated
347,2011,Thomas,Wheat,WheatGDD,67.7,Irrigated
348,2012,Thomas,Wheat,WheatGDD,67.5,Irrigated
349,2013,Thomas,Wheat,WheatGDD,46.2,Irrigated
350,2014,Thomas,Wheat,WheatGDD,69.8,Irrigated
351,2015,Thomas,Wheat,WheatGDD,62.8,Irrigated
352,2016,Thomas,Wheat,WheatGDD,84.8,Irrigated
353,2017,Thomas,Wheat,WheatGDD,44.4,Irrigated
354,2018,Thomas,Wheat,WheatGDD,55.8,Irrigated
355,2019,Thomas,Wheat,WheatGDD,89.4,Irrigated
356,2020,Thomas,Wheat,WheatGDD,43.8,Irrigated
362,2005,Thomas,Wheat,WheatGDD,33.3,Non-Irrigated
365,2008,Thomas,Wheat,WheatGDD,31.3,Non-Irrigated
366,2009,Thomas,Wheat,WheatGDD,48.4,Non-Irrigated
367,2010,Thomas,Wheat,WheatGDD,53.9,Non-Irrigated
368,2011,Thomas,Wheat,WheatGDD,35.5,Non-Irrigated
369,2012,Thomas,Wheat,WheatGDD,46.7,Non-Irrigated
370,2013,Thomas,Wheat,WheatGDD,15.4,Non-Irrigated
371,2014,Thomas,Wheat,WheatGDD,33.3,Non-Irrigated
372,2015,Thomas,Wheat,WheatGDD,34.9,Non-Irrigated
373,2016,Thomas,Wheat,WheatGDD,62.6,Non-Irrigated
374,2017,Thomas,Wheat,WheatGDD,24.9,Non-Irrigated
375,2018,Thomas,Wheat,WheatGDD,32.1,Non-Irrigated
376,2019,Thomas,Wheat,WheatGDD,67,Non-Irrigated
377,2020,Thomas,Wheat,WheatGDD,32.7,Non-Irrigated
378,2000,Wallace,Wheat,WheatGDD,39.5,Irrigated
380,2002,Wallace,Wheat,WheatGDD,30.8,Irrigated
381,2003,Wallace,Wheat,WheatGDD,58.5,Irrigated
383,2005,Wallace,Wheat,WheatGDD,37.2,Irrigated
384,2006,Wallace,Wheat,WheatGDD,36.9,Irrigated
385,2007,Wallace,Wheat,WheatGDD,57.5,Irrigated
386,2008,Wallace,Wheat,WheatGDD,50.7,Irrigated
387,2009,Wallace,Wheat,WheatGDD,39.7,Irrigated
388,2010,Wallace,Wheat,WheatGDD,60.3,Irrigated
389,2011,Wallace,Wheat,WheatGDD,52.3,Irrigated
390,2012,Wallace,Wheat,WheatGDD,48,Irrigated
391,2013,Wallace,Wheat,WheatGDD,28.5,Irrigated
392,2014,Wallace,Wheat,WheatGDD,53.4,Irrigated
393,2015,Wallace,Wheat,WheatGDD,52.6,Irrigated
394,2016,Wallace,Wheat,WheatGDD,67.9,Irrigated
395,2017,Wallace,Wheat,WheatGDD,48.4,Irrigated
396,2018,Wallace,Wheat,WheatGDD,25.6,Irrigated
397,2019,Wallace,Wheat,WheatGDD,64.6,Irrigated
398,2020,Wallace,Wheat,WheatGDD,49.7,Irrigated
399,2000,Wallace,Wheat,WheatGDD,25.8,Non-Irrigated
406,2007,Wallace,Wheat,WheatGDD,47.2,Non-Irrigated
407,2008,Wallace,Wheat,WheatGDD,25.8,Non-Irrigated
408,2009,Wallace,Wheat,WheatGDD,41.4,Non-Irrigated
409,2010,Wallace,Wheat,WheatGDD,51.6,Non-Irrigated
410,2011,Wallace,Wheat,WheatGDD,21.9,Non-Irrigated
411,2012,Wallace,Wheat,WheatGDD,36.6,Non-Irrigated
412,2013,Wallace,Wheat,WheatGDD,5.2,Non-Irrigated
413,2014,Wallace,Wheat,WheatGDD,29.8,Non-Irrigated
414,2015,Wallace,Wheat,WheatGDD,36.9,Non-Irrigated
415,2016,Wallace,Wheat,WheatGDD,56.7,Non-Irrigated
416,2017,Wallace,Wheat,WheatGDD,36.8,Non-Irrigated
417,2018,Wallace,Wheat,WheatGDD,25,Non-Irrigated
418,2019,Wallace,Wheat,WheatGDD,56.3,Non-Irrigated
419,2020,Wallace,Wheat,WheatGDD,31.6,Non-Irrigated
421,2001,Cheyenne,Maize,MaizeGDD,169,Irrigated
423,2003,Cheyenne,Maize,MaizeGDD,158.3,Irrigated
424,2004,Cheyenne,Maize,MaizeGDD,166.8,Irrigated
425,2005,Cheyenne,Maize,MaizeGDD,173.5,Irrigated
426,2006,Cheyenne,Maize,MaizeGDD,206.4,Irrigated
427,2007,Cheyenne,Maize,MaizeGDD,208.8,Irrigated
428,2008,Cheyenne,Maize,MaizeGDD,172.5,Irrigated
429,2009,Cheyenne,Maize,MaizeGDD,174.7,Irrigated
430,2010,Cheyenne,Maize,MaizeGDD,204.1,Irrigated
431,2011,Cheyenne,Maize,MaizeGDD,177.6,Irrigated
432,2012,Cheyenne,Maize,MaizeGDD,156.6,Irrigated
433,2013,Cheyenne,Maize,MaizeGDD,185,Irrigated
434,2014,Cheyenne,Maize,MaizeGDD,152.6,Irrigated
435,2015,Cheyenne,Maize,MaizeGDD,215.3,Irrigated
436,2016,Cheyenne,Maize,MaizeGDD,212,Irrigated
437,2017,Cheyenne,Maize,MaizeGDD,213.4,Irrigated
438,2018,Cheyenne,Maize,MaizeGDD,189.7,Irrigated
439,2019,Cheyenne,Maize,MaizeGDD,178.3,Irrigated
440,2020,Cheyenne,Maize,MaizeGDD,185.2,Irrigated
447,2006,Cheyenne,Maize,MaizeGDD,33.7,Non-Irrigated
448,2007,Cheyenne,Maize,MaizeGDD,60.7,Non-Irrigated
449,2008,Cheyenne,Maize,MaizeGDD,29.9,Non-Irrigated
450,2009,Cheyenne,Maize,MaizeGDD,87.4,Non-Irrigated
451,2010,Cheyenne,Maize,MaizeGDD,90.8,Non-Irrigated
452,2011,Cheyenne,Maize,MaizeGDD,75.2,Non-Irrigated
454,2013,Cheyenne,Maize,MaizeGDD,16.4,Non-Irrigated
455,2014,Cheyenne,Maize,MaizeGDD,52.4,Non-Irrigated
456,2015,Cheyenne,Maize,MaizeGDD,82.6,Non-Irrigated
457,2016,Cheyenne,Maize,MaizeGDD,110.1,Non-Irrigated
458,2017,Cheyenne,Maize,MaizeGDD,95.8,Non-Irrigated
459,2018,Cheyenne,Maize,MaizeGDD,99.9,Non-Irrigated
460,2019,Cheyenne,Maize,MaizeGDD,101,Non-Irrigated
461,2020,Cheyenne,Maize,MaizeGDD,61.7,Non-Irrigated
463,2001,Decatur,Maize,MaizeGDD,164.5,Irrigated
464,2002,Decatur,Maize,MaizeGDD,99.6,Irrigated
465,2003,Decatur,Maize,MaizeGDD,136.8,Irrigated
466,2004,Decatur,Maize,MaizeGDD,167.2,Irrigated
467,2005,Decatur,Maize,MaizeGDD,174.9,Irrigated
468,2006,Decatur,Maize,MaizeGDD,167.6,Irrigated
469,2007,Decatur,Maize,MaizeGDD,182.1,Irrigated
470,2008,Decatur,Maize,MaizeGDD,172.7,Irrigated
471,2009,Decatur,Maize,MaizeGDD,198.2,Irrigated
472,2010,Decatur,Maize,MaizeGDD,172.5,Irrigated
473,2011,Decatur,Maize,MaizeGDD,164.5,Irrigated
474,2012,Decatur,Maize,MaizeGDD,138.9,Irrigated
475,2013,Decatur,Maize,MaizeGDD,150.5,Irrigated
476,2014,Decatur,Maize,MaizeGDD,181.1,Irrigated
477,2015,Decatur,Maize,MaizeGDD,190,Irrigated
478,2016,Decatur,Maize,MaizeGDD,178.9,Irrigated
479,2017,Decatur,Maize,MaizeGDD,190.3,Irrigated
480,2018,Decatur,Maize,MaizeGDD,199.7,Irrigated
481,2019,Decatur,Maize,MaizeGDD,168.8,Irrigated
482,2020,Decatur,Maize,MaizeGDD,190.5,Irrigated
488,2005,Decatur,Maize,MaizeGDD,66.2,Non-Irrigated
490,2007,Decatur,Maize,MaizeGDD,90.1,Non-Irrigated
491,2008,Decatur,Maize,MaizeGDD,74.5,Non-Irrigated
492,2009,Decatur,Maize,MaizeGDD,125.1,Non-Irrigated
493,2010,Decatur,Maize,MaizeGDD,97.9,Non-Irrigated
494,2011,Decatur,Maize,MaizeGDD,89.9,Non-Irrigated
495,2012,Decatur,Maize,MaizeGDD,22.5,Non-Irrigated
497,2014,Decatur,Maize,MaizeGDD,69.2,Non-Irrigated
498,2015,Decatur,Maize,MaizeGDD,81.3,Non-Irrigated
499,2016,Decatur,Maize,MaizeGDD,106.3,Non-Irrigated
500,2017,Decatur,Maize,MaizeGDD,119.6,Non-Irrigated
501,2018,Decatur,Maize,MaizeGDD,129.9,Non-Irrigated
502,2019,Decatur,Maize,MaizeGDD,104.2,Non-Irrigated
503,2020,Decatur,Maize,MaizeGDD,89,Non-Irrigated
504,2000,Gove,Maize,MaizeGDD,137.9,Irrigated
505,2001,Gove,Maize,MaizeGDD,156,Irrigated
506,2002,Gove,Maize,MaizeGDD,124.8,Irrigated
507,2003,Gove,Maize,MaizeGDD,136,Irrigated
509,2005,Gove,Maize,MaizeGDD,177.2,Irrigated
510,2006,Gove,Maize,MaizeGDD,144.4,Irrigated
511,2007,Gove,Maize,MaizeGDD,184.8,Irrigated
512,2008,Gove,Maize,MaizeGDD,165.7,Irrigated
513,2009,Gove,Maize,MaizeGDD,195,Irrigated
514,2010,Gove,Maize,MaizeGDD,174,Irrigated
516,2012,Gove,Maize,MaizeGDD,127,Irrigated
517,2013,Gove,Maize,MaizeGDD,159.8,Irrigated
518,2014,Gove,Maize,MaizeGDD,190.5,Irrigated
519,2015,Gove,Maize,MaizeGDD,193.1,Irrigated
520,2016,Gove,Maize,MaizeGDD,174.5,Irrigated
521,2017,Gove,Maize,MaizeGDD,184.9,Irrigated
522,2018,Gove,Maize,MaizeGDD,185,Irrigated
523,2019,Gove,Maize,MaizeGDD,175.7,Irrigated
524,2020,Gove,Maize,MaizeGDD,184.2,Irrigated
526,2001,Gove,Maize,MaizeGDD,83.2,Non-Irrigated
529,2004,Gove,Maize,MaizeGDD,46.9,Non-Irrigated
532,2007,Gove,Maize,MaizeGDD,75.5,Non-Irrigated
533,2008,Gove,Maize,MaizeGDD,72.3,Non-Irrigated
534,2009,Gove,Maize,MaizeGDD,122.2,Non-Irrigated
535,2010,Gove,Maize,MaizeGDD,87,Non-Irrigated
539,2014,Gove,Maize,MaizeGDD,88.2,Non-Irrigated
540,2015,Gove,Maize,MaizeGDD,93.3,Non-Irrigated
541,2016,Gove,Maize,MaizeGDD,94.5,Non-Irrigated
542,2017,Gove,Maize,MaizeGDD,97.5,Non-Irrigated
543,2018,Gove,Maize,MaizeGDD,109,Non-Irrigated
544,2019,Gove,Maize,MaizeGDD,96.6,Non-Irrigated
545,2020,Gove,Maize,MaizeGDD,97.6,Non-Irrigated
546,2000,Graham,Maize,MaizeGDD,152.5,Irrigated
547,2001,Graham,Maize,MaizeGDD,168.7,Irrigated
554,2008,Graham,Maize,MaizeGDD,167.8,Irrigated
555,2009,Graham,Maize,MaizeGDD,172.9,Irrigated
556,2010,Graham,Maize,MaizeGDD,165,Irrigated
557,2011,Graham,Maize,MaizeGDD,155.1,Irrigated
558,2012,Graham,Maize,MaizeGDD,129.8,Irrigated
559,2013,Graham,Maize,MaizeGDD,157.2,Irrigated
560,2014,Graham,Maize,MaizeGDD,210.9,Irrigated
561,2015,Graham,Maize,MaizeGDD,190.7,Irrigated
562,2016,Graham,Maize,MaizeGDD,184,Irrigated
563,2017,Graham,Maize,MaizeGDD,188.1,Irrigated
564,2018,Graham,Maize,MaizeGDD,176.1,Irrigated
565,2019,Graham,Maize,MaizeGDD,162,Irrigated
566,2020,Graham,Maize,MaizeGDD,181.9,Irrigated
567,2000,Graham,Maize,MaizeGDD,56.7,Non-Irrigated
568,2001,Graham,Maize,MaizeGDD,68.5,Non-Irrigated
571,2004,Graham,Maize,MaizeGDD,29.5,Non-Irrigated
574,2007,Graham,Maize,MaizeGDD,79.4,Non-Irrigated
575,2008,Graham,Maize,MaizeGDD,91.5,Non-Irrigated
576,2009,Graham,Maize,MaizeGDD,113.5,Non-Irrigated
577,2010,Graham,Maize,MaizeGDD,51.1,Non-Irrigated
579,2012,Graham,Maize,MaizeGDD,15.4,Non-Irrigated
580,2013,Graham,Maize,MaizeGDD,21.2,Non-Irrigated
581,2014,Graham,Maize,MaizeGDD,63.9,Non-Irrigated
582,2015,Graham,Maize,MaizeGDD,63.2,Non-Irrigated
583,2016,Graham,Maize,MaizeGDD,93.8,Non-Irrigated
584,2017,Graham,Maize,MaizeGDD,96.6,Non-Irrigated
585,2018,Graham,Maize,MaizeGDD,105.4,Non-Irrigated
586,2019,Graham,Maize,MaizeGDD,79.8,Non-Irrigated
587,2020,Graham,Maize,MaizeGDD,96.8,Non-Irrigated
589,2001,Logan,Maize,MaizeGDD,172.8,Irrigated
590,2002,Logan,Maize,MaizeGDD,99.4,Irrigated
594,2006,Logan,Maize,MaizeGDD,190,Irrigated
596,2008,Logan,Maize,MaizeGDD,172.4,Irrigated
598,2010,Logan,Maize,MaizeGDD,189.7,Irrigated
601,2013,Logan,Maize,MaizeGDD,160.3,Irrigated
602,2014,Logan,Maize,MaizeGDD,195.8,Irrigated
603,2015,Logan,Maize,MaizeGDD,203.3,Irrigated
604,2016,Logan,Maize,MaizeGDD,163,Irrigated
605,2017,Logan,Maize,MaizeGDD,192.5,Irrigated
606,2018,Logan,Maize,MaizeGDD,177.6,Irrigated
607,2019,Logan,Maize,MaizeGDD,190.8,Irrigated
608,2020,Logan,Maize,MaizeGDD,165.4,Irrigated
609,2000,Logan,Maize,MaizeGDD,34.7,Non-Irrigated
610,2001,Logan,Maize,MaizeGDD,57.2,Non-Irrigated
616,2007,Logan,Maize,MaizeGDD,72.6,Non-Irrigated
617,2008,Logan,Maize,MaizeGDD,55.2,Non-Irrigated
619,2010,Logan,Maize,MaizeGDD,86.1,Non-Irrigated
620,2011,Logan,Maize,MaizeGDD,68.4,Non-Irrigated
621,2012,Logan,Maize,MaizeGDD,25.5,Non-Irrigated
622,2013,Logan,Maize,MaizeGDD,51.7,Non-Irrigated
623,2014,Logan,Maize,MaizeGDD,92.9,Non-Irrigated
624,2015,Logan,Maize,MaizeGDD,96.4,Non-Irrigated
625,2016,Logan,Maize,MaizeGDD,102.3,Non-Irrigated
626,2017,Logan,Maize,MaizeGDD,108.9,Non-Irrigated
627,2018,Logan,Maize,MaizeGDD,96.9,Non-Irrigated
628,2019,Logan,Maize,MaizeGDD,96,Non-Irrigated
629,2020,Logan,Maize,MaizeGDD,74.4,Non-Irrigated
630,2000,Rawlins,Maize,MaizeGDD,135.8,Irrigated
631,2001,Rawlins,Maize,MaizeGDD,161.2,Irrigated
634,2004,Rawlins,Maize,MaizeGDD,180.2,Irrigated
635,2005,Rawlins,Maize,MaizeGDD,178.4,Irrigated
636,2006,Rawlins,Maize,MaizeGDD,181.8,Irrigated
637,2007,Rawlins,Maize,MaizeGDD,196.4,Irrigated
638,2008,Rawlins,Maize,MaizeGDD,177.9,Irrigated
639,2009,Rawlins,Maize,MaizeGDD,200.5,Irrigated
640,2010,Rawlins,Maize,MaizeGDD,190.5,Irrigated
641,2011,Rawlins,Maize,MaizeGDD,170.4,Irrigated
642,2012,Rawlins,Maize,MaizeGDD,124.4,Irrigated
643,2013,Rawlins,Maize,MaizeGDD,157.2,Irrigated
644,2014,Rawlins,Maize,MaizeGDD,189.4,Irrigated
645,2015,Rawlins,Maize,MaizeGDD,201,Irrigated
646,2016,Rawlins,Maize,MaizeGDD,195.7,Irrigated
647,2017,Rawlins,Maize,MaizeGDD,201.5,Irrigated
648,2018,Rawlins,Maize,MaizeGDD,222,Irrigated
649,2019,Rawlins,Maize,MaizeGDD,162.7,Irrigated
650,2020,Rawlins,Maize,MaizeGDD,162.6,Irrigated
652,2001,Rawlins,Maize,MaizeGDD,52.1,Non-Irrigated
655,2004,Rawlins,Maize,MaizeGDD,44.1,Non-Irrigated
658,2007,Rawlins,Maize,MaizeGDD,91.6,Non-Irrigated
659,2008,Rawlins,Maize,MaizeGDD,84.2,Non-Irrigated
660,2009,Rawlins,Maize,MaizeGDD,120.1,Non-Irrigated
661,2010,Rawlins,Maize,MaizeGDD,100.8,Non-Irrigated
662,2011,Rawlins,Maize,MaizeGDD,78.9,Non-Irrigated
663,2012,Rawlins,Maize,MaizeGDD,12.2,Non-Irrigated
665,2014,Rawlins,Maize,MaizeGDD,71.9,Non-Irrigated
666,2015,Rawlins,Maize,MaizeGDD,82.8,Non-Irrigated
667,2016,Rawlins,Maize,MaizeGDD,101.3,Non-Irrigated
668,2017,Rawlins,Maize,MaizeGDD,119.7,Non-Irrigated
669,2018,Rawlins,Maize,MaizeGDD,124.9,Non-Irrigated
670,2019,Rawlins,Maize,MaizeGDD,106.7,Non-Irrigated
671,2020,Rawlins,Maize,MaizeGDD,66.6,Non-Irrigated
672,2000,Sheridan,Maize,MaizeGDD,167.9,Irrigated
673,2001,Sheridan,Maize,MaizeGDD,201.5,Irrigated
674,2002,Sheridan,Maize,MaizeGDD,135.3,Irrigated
675,2003,Sheridan,Maize,MaizeGDD,163.2,Irrigated
676,2004,Sheridan,Maize,MaizeGDD,202.5,Irrigated
677,2005,Sheridan,Maize,MaizeGDD,209.4,Irrigated
678,2006,Sheridan,Maize,MaizeGDD,143.1,Irrigated
679,2007,Sheridan,Maize,MaizeGDD,202.6,Irrigated
680,2008,Sheridan,Maize,MaizeGDD,196,Irrigated
681,2009,Sheridan,Maize,MaizeGDD,205.6,Irrigated
682,2010,Sheridan,Maize,MaizeGDD,192.7,Irrigated
683,2011,Sheridan,Maize,MaizeGDD,178.1,Irrigated
684,2012,Sheridan,Maize,MaizeGDD,165.1,Irrigated
685,2013,Sheridan,Maize,MaizeGDD,173.9,Irrigated
686,2014,Sheridan,Maize,MaizeGDD,199.6,Irrigated
687,2015,Sheridan,Maize,MaizeGDD,205.6,Irrigated
688,2016,Sheridan,Maize,MaizeGDD,199.4,Irrigated
689,2017,Sheridan,Maize,MaizeGDD,197.9,Irrigated
690,2018,Sheridan,Maize,MaizeGDD,193.8,Irrigated
691,2019,Sheridan,Maize,MaizeGDD,187.8,Irrigated
692,2020,Sheridan,Maize,MaizeGDD,194.5,Irrigated
693,2000,Sheridan,Maize,MaizeGDD,48.4,Non-Irrigated
694,2001,Sheridan,Maize,MaizeGDD,78.2,Non-Irrigated
697,2004,Sheridan,Maize,MaizeGDD,45.3,Non-Irrigated
698,2005,Sheridan,Maize,MaizeGDD,62.8,Non-Irrigated
700,2007,Sheridan,Maize,MaizeGDD,76.4,Non-Irrigated
701,2008,Sheridan,Maize,MaizeGDD,84.6,Non-Irrigated
702,2009,Sheridan,Maize,MaizeGDD,121.2,Non-Irrigated
704,2011,Sheridan,Maize,MaizeGDD,67.8,Non-Irrigated
706,2013,Sheridan,Maize,MaizeGDD,44.8,Non-Irrigated
708,2015,Sheridan,Maize,MaizeGDD,68.2,Non-Irrigated
709,2016,Sheridan,Maize,MaizeGDD,102.1,Non-Irrigated
710,2017,Sheridan,Maize,MaizeGDD,111.2,Non-Irrigated
711,2018,Sheridan,Maize,MaizeGDD,114.7,Non-Irrigated
712,2019,Sheridan,Maize,MaizeGDD,100,Non-Irrigated
713,2020,Sheridan,Maize,MaizeGDD,106.1,Non-Irrigated
714,2000,Sherman,Maize,MaizeGDD,158.2,Irrigated
715,2001,Sherman,Maize,MaizeGDD,162,Irrigated
716,2002,Sherman,Maize,MaizeGDD,116.1,Irrigated
718,2004,Sherman,Maize,MaizeGDD,183.5,Irrigated
719,2005,Sherman,Maize,MaizeGDD,192.5,Irrigated
720,2006,Sherman,Maize,MaizeGDD,203.7,Irrigated
721,2007,Sherman,Maize,MaizeGDD,205.3,Irrigated
722,2008,Sherman,Maize,MaizeGDD,168.2,Irrigated
724,2010,Sherman,Maize,MaizeGDD,213.2,Irrigated
725,2011,Sherman,Maize,MaizeGDD,190,Irrigated
726,2012,Sherman,Maize,MaizeGDD,147.1,Irrigated
727,2013,Sherman,Maize,MaizeGDD,177.6,Irrigated
728,2014,Sherman,Maize,MaizeGDD,183.2,Irrigated
729,2015,Sherman,Maize,MaizeGDD,226.4,Irrigated
730,2016,Sherman,Maize,MaizeGDD,186,Irrigated
731,2017,Sherman,Maize,MaizeGDD,211.6,Irrigated
733,2019,Sherman,Maize,MaizeGDD,190.6,Irrigated
734,2020,Sherman,Maize,MaizeGDD,181,Irrigated
741,2006,Sherman,Maize,MaizeGDD,20.2,Non-Irrigated
743,2008,Sherman,Maize,MaizeGDD,53.7,Non-Irrigated
744,2009,Sherman,Maize,MaizeGDD,105.1,Non-Irrigated
746,2011,Sherman,Maize,MaizeGDD,74.3,Non-Irrigated
747,2012,Sherman,Maize,MaizeGDD,11.1,Non-Irrigated
748,2013,Sherman,Maize,MaizeGDD,16.5,Non-Irrigated
749,2014,Sherman,Maize,MaizeGDD,64.1,Non-Irrigated
750,2015,Sherman,Maize,MaizeGDD,89.8,Non-Irrigated
754,2019,Sherman,Maize,MaizeGDD,107.3,Non-Irrigated
755,2020,Sherman,Maize,MaizeGDD,59.8,Non-Irrigated
756,2000,Thomas,Maize,MaizeGDD,156.6,Irrigated
757,2001,Thomas,Maize,MaizeGDD,196.6,Irrigated
758,2002,Thomas,Maize,MaizeGDD,130.6,Irrigated
759,2003,Thomas,Maize,MaizeGDD,163.4,Irrigated
761,2005,Thomas,Maize,MaizeGDD,209.2,Irrigated
762,2006,Thomas,Maize,MaizeGDD,198.4,Irrigated
763,2007,Thomas,Maize,MaizeGDD,210.1,Irrigated
764,2008,Thomas,Maize,MaizeGDD,198.2,Irrigated
765,2009,Thomas,Maize,MaizeGDD,172.8,Irrigated
766,2010,Thomas,Maize,MaizeGDD,193.9,Irrigated
767,2011,Thomas,Maize,MaizeGDD,180.7,Irrigated
768,2012,Thomas,Maize,MaizeGDD,165.4,Irrigated
769,2013,Thomas,Maize,MaizeGDD,185.1,Irrigated
770,2014,Thomas,Maize,MaizeGDD,210,Irrigated
771,2015,Thomas,Maize,MaizeGDD,208.1,Irrigated
772,2016,Thomas,Maize,MaizeGDD,194.8,Irrigated
773,2017,Thomas,Maize,MaizeGDD,218.8,Irrigated
774,2018,Thomas,Maize,MaizeGDD,185.7,Irrigated
775,2019,Thomas,Maize,MaizeGDD,189.2,Irrigated
776,2020,Thomas,Maize,MaizeGDD,190.4,Irrigated
778,2001,Thomas,Maize,MaizeGDD,57.2,Non-Irrigated
784,2007,Thomas,Maize,MaizeGDD,84.5,Non-Irrigated
785,2008,Thomas,Maize,MaizeGDD,68.8,Non-Irrigated
786,2009,Thomas,Maize,MaizeGDD,109.2,Non-Irrigated
788,2011,Thomas,Maize,MaizeGDD,71.5,Non-Irrigated
790,2013,Thomas,Maize,MaizeGDD,29.4,Non-Irrigated
791,2014,Thomas,Maize,MaizeGDD,75.1,Non-Irrigated
792,2015,Thomas,Maize,MaizeGDD,77.9,Non-Irrigated
793,2016,Thomas,Maize,MaizeGDD,100.5,Non-Irrigated
794,2017,Thomas,Maize,MaizeGDD,124.2,Non-Irrigated
795,2018,Thomas,Maize,MaizeGDD,102.2,Non-Irrigated
796,2019,Thomas,Maize,MaizeGDD,105.6,Non-Irrigated
797,2020,Thomas,Maize,MaizeGDD,80.9,Non-Irrigated
798,2000,Wallace,Maize,MaizeGDD,166.6,Irrigated
799,2001,Wallace,Maize,MaizeGDD,164.1,Irrigated
801,2003,Wallace,Maize,MaizeGDD,174.8,Irrigated
802,2004,Wallace,Maize,MaizeGDD,179.1,Irrigated
803,2005,Wallace,Maize,MaizeGDD,181.7,Irrigated
804,2006,Wallace,Maize,MaizeGDD,177.9,Irrigated
805,2007,Wallace,Maize,MaizeGDD,194.5,Irrigated
806,2008,Wallace,Maize,MaizeGDD,165,Irrigated
807,2009,Wallace,Maize,MaizeGDD,195.1,Irrigated
808,2010,Wallace,Maize,MaizeGDD,201.3,Irrigated
809,2011,Wallace,Maize,MaizeGDD,182.8,Irrigated
810,2012,Wallace,Maize,MaizeGDD,141.8,Irrigated
811,2013,Wallace,Maize,MaizeGDD,180.7,Irrigated
812,2014,Wallace,Maize,MaizeGDD,175.7,Irrigated
813,2015,Wallace,Maize,MaizeGDD,213,Irrigated
814,2016,Wallace,Maize,MaizeGDD,185.4,Irrigated
815,2017,Wallace,Maize,MaizeGDD,212.6,Irrigated
816,2018,Wallace,Maize,MaizeGDD,173.1,Irrigated
817,2019,Wallace,Maize,MaizeGDD,153,Irrigated
818,2020,Wallace,Maize,MaizeGDD,164.1,Irrigated
819,2000,Wallace,Maize,MaizeGDD,34.1,Non-Irrigated
827,2008,Wallace,Maize,MaizeGDD,36.3,Non-Irrigated
828,2009,Wallace,Maize,MaizeGDD,88.7,Non-Irrigated
830,2011,Wallace,Maize,MaizeGDD,53,Non-Irrigated
832,2013,Wallace,Maize,MaizeGDD,17.4,Non-Irrigated
833,2014,Wallace,Maize,MaizeGDD,71.9,Non-Irrigated
834,2015,Wallace,Maize,MaizeGDD,93.5,Non-Irrigated
835,2016,Wallace,Maize,MaizeGDD,103.7,Non-Irrigated
837,2018,Wallace,Maize,MaizeGDD,90.2,Non-Irrigated
838,2019,Wallace,Maize,MaizeGDD,89.3,Non-Irrigated
839,2020,Wallace,Maize,MaizeGDD,43,Non-Irrigated
845,2005,Cheyenne,Sorghum,SorghumGDD,26.2,Non-Irrigated
846,2006,Cheyenne,Sorghum,SorghumGDD,37.3,Non-Irrigated
847,2007,Cheyenne,Sorghum,SorghumGDD,59.8,Non-Irrigated
848,2008,Cheyenne,Sorghum,SorghumGDD,32.3,Non-Irrigated
849,2009,Cheyenne,Sorghum,SorghumGDD,68.7,Non-Irrigated
850,2010,Cheyenne,Sorghum,SorghumGDD,84.7,Non-Irrigated
851,2011,Cheyenne,Sorghum,SorghumGDD,76,Non-Irrigated
852,2012,Cheyenne,Sorghum,SorghumGDD,14.7,Non-Irrigated
853,2013,Cheyenne,Sorghum,SorghumGDD,11.6,Non-Irrigated
854,2014,Cheyenne,Sorghum,SorghumGDD,57.4,Non-Irrigated
855,2015,Cheyenne,Sorghum,SorghumGDD,74.2,Non-Irrigated
856,2016,Cheyenne,Sorghum,SorghumGDD,96.2,Non-Irrigated
857,2017,Cheyenne,Sorghum,SorghumGDD,76.6,Non-Irrigated
858,2018,Cheyenne,Sorghum,SorghumGDD,89.4,Non-Irrigated
859,2019,Cheyenne,Sorghum,SorghumGDD,90.7,Non-Irrigated
860,2020,Cheyenne,Sorghum,SorghumGDD,60,Non-Irrigated
866,2005,Cheyenne,Sorghum,SorghumGDD,26.2,Non-Irrigated
867,2006,Cheyenne,Sorghum,SorghumGDD,37.3,Non-Irrigated
868,2007,Cheyenne,Sorghum,SorghumGDD,59.8,Non-Irrigated
869,2008,Cheyenne,Sorghum,SorghumGDD,32.3,Non-Irrigated
870,2009,Cheyenne,Sorghum,SorghumGDD,68.7,Non-Irrigated
871,2010,Cheyenne,Sorghum,SorghumGDD,84.7,Non-Irrigated
872,2011,Cheyenne,Sorghum,SorghumGDD,76,Non-Irrigated
873,2012,Cheyenne,Sorghum,SorghumGDD,14.7,Non-Irrigated
874,2013,Cheyenne,Sorghum,SorghumGDD,11.6,Non-Irrigated
875,2014,Cheyenne,Sorghum,SorghumGDD,57.4,Non-Irrigated
876,2015,Cheyenne,Sorghum,SorghumGDD,74.2,Non-Irrigated
877,2016,Cheyenne,Sorghum,SorghumGDD,96.2,Non-Irrigated
878,2017,Cheyenne,Sorghum,SorghumGDD,76.6,Non-Irrigated
879,2018,Cheyenne,Sorghum,SorghumGDD,89.4,Non-Irrigated
880,2019,Cheyenne,Sorghum,SorghumGDD,90.7,Non-Irrigated
881,2020,Cheyenne,Sorghum,SorghumGDD,60,Non-Irrigated
883,2001,Decatur,Sorghum,SorghumGDD,94.9,Irrigated
884,2002,Decatur,Sorghum,SorghumGDD,49.4,Irrigated
885,2003,Decatur,Sorghum,SorghumGDD,85,Irrigated
886,2004,Decatur,Sorghum,SorghumGDD,87.5,Irrigated
887,2005,Decatur,Sorghum,SorghumGDD,104.9,Irrigated
888,2006,Decatur,Sorghum,SorghumGDD,82.7,Irrigated
889,2007,Decatur,Sorghum,SorghumGDD,108.7,Irrigated
890,2008,Decatur,Sorghum,SorghumGDD,107.3,Irrigated
891,2009,Decatur,Sorghum,SorghumGDD,91.8,Irrigated
892,2010,Decatur,Sorghum,SorghumGDD,97.5,Irrigated
893,2011,Decatur,Sorghum,SorghumGDD,107.7,Irrigated
894,2012,Decatur,Sorghum,SorghumGDD,78.9,Irrigated
895,2013,Decatur,Sorghum,SorghumGDD,101.8,Irrigated
896,2014,Decatur,Sorghum,SorghumGDD,120,Irrigated
897,2015,Decatur,Sorghum,SorghumGDD,117.5,Irrigated
898,2016,Decatur,Sorghum,SorghumGDD,105.6,Irrigated
899,2017,Decatur,Sorghum,SorghumGDD,103.6,Irrigated
900,2018,Decatur,Sorghum,SorghumGDD,96.2,Irrigated
901,2019,Decatur,Sorghum,SorghumGDD,78.6,Irrigated
902,2020,Decatur,Sorghum,SorghumGDD,110.7,Irrigated
903,2000,Decatur,Sorghum,SorghumGDD,32.7,Non-Irrigated
904,2001,Decatur,Sorghum,SorghumGDD,64.9,Non-Irrigated
905,2002,Decatur,Sorghum,SorghumGDD,10.8,Non-Irrigated
906,2003,Decatur,Sorghum,SorghumGDD,14.9,Non-Irrigated
907,2004,Decatur,Sorghum,SorghumGDD,24,Non-Irrigated
908,2005,Decatur,Sorghum,SorghumGDD,64.3,Non-Irrigated
909,2006,Decatur,Sorghum,SorghumGDD,38.2,Non-Irrigated
910,2007,Decatur,Sorghum,SorghumGDD,69.6,Non-Irrigated
911,2008,Decatur,Sorghum,SorghumGDD,66,Non-Irrigated
912,2009,Decatur,Sorghum,SorghumGDD,70.5,Non-Irrigated
913,2010,Decatur,Sorghum,SorghumGDD,81.9,Non-Irrigated
914,2011,Decatur,Sorghum,SorghumGDD,70.6,Non-Irrigated
915,2012,Decatur,Sorghum,SorghumGDD,32.6,Non-Irrigated
916,2013,Decatur,Sorghum,SorghumGDD,19.3,Non-Irrigated
917,2014,Decatur,Sorghum,SorghumGDD,41.9,Non-Irrigated
918,2015,Decatur,Sorghum,SorghumGDD,59.4,Non-Irrigated
919,2016,Decatur,Sorghum,SorghumGDD,69.2,Non-Irrigated
920,2017,Decatur,Sorghum,SorghumGDD,79.7,Non-Irrigated
921,2018,Decatur,Sorghum,SorghumGDD,89.5,Non-Irrigated
922,2019,Decatur,Sorghum,SorghumGDD,77.3,Non-Irrigated
923,2020,Decatur,Sorghum,SorghumGDD,73.9,Non-Irrigated
924,2000,Gove,Sorghum,SorghumGDD,80.5,Irrigated
928,2004,Gove,Sorghum,SorghumGDD,95.3,Irrigated
929,2005,Gove,Sorghum,SorghumGDD,106.2,Irrigated
931,2007,Gove,Sorghum,SorghumGDD,108.1,Irrigated
932,2008,Gove,Sorghum,SorghumGDD,92.9,Irrigated
933,2009,Gove,Sorghum,SorghumGDD,103.6,Irrigated
934,2010,Gove,Sorghum,SorghumGDD,96.3,Irrigated
935,2011,Gove,Sorghum,SorghumGDD,90.2,Irrigated
936,2012,Gove,Sorghum,SorghumGDD,75,Irrigated
937,2013,Gove,Sorghum,SorghumGDD,102.6,Irrigated
938,2014,Gove,Sorghum,SorghumGDD,119.3,Irrigated
939,2015,Gove,Sorghum,SorghumGDD,119.8,Irrigated
940,2016,Gove,Sorghum,SorghumGDD,108.3,Irrigated
941,2017,Gove,Sorghum,SorghumGDD,104.4,Irrigated
942,2018,Gove,Sorghum,SorghumGDD,93.2,Irrigated
943,2019,Gove,Sorghum,SorghumGDD,82.7,Irrigated
944,2020,Gove,Sorghum,SorghumGDD,94.6,Irrigated
945,2000,Gove,Sorghum,SorghumGDD,54.6,Non-Irrigated
946,2001,Gove,Sorghum,SorghumGDD,80.7,Non-Irrigated
950,2005,Gove,Sorghum,SorghumGDD,62.1,Non-Irrigated
951,2006,Gove,Sorghum,SorghumGDD,27.2,Non-Irrigated
952,2007,Gove,Sorghum,SorghumGDD,78.7,Non-Irrigated
953,2008,Gove,Sorghum,SorghumGDD,70.5,Non-Irrigated
954,2009,Gove,Sorghum,SorghumGDD,99,Non-Irrigated
955,2010,Gove,Sorghum,SorghumGDD,83.9,Non-Irrigated
956,2011,Gove,Sorghum,SorghumGDD,68.7,Non-Irrigated
957,2012,Gove,Sorghum,SorghumGDD,30.2,Non-Irrigated
958,2013,Gove,Sorghum,SorghumGDD,50.3,Non-Irrigated
959,2014,Gove,Sorghum,SorghumGDD,68.4,Non-Irrigated
960,2015,Gove,Sorghum,SorghumGDD,81.4,Non-Irrigated
961,2016,Gove,Sorghum,SorghumGDD,91.1,Non-Irrigated
962,2017,Gove,Sorghum,SorghumGDD,72.3,Non-Irrigated
963,2018,Gove,Sorghum,SorghumGDD,83.9,Non-Irrigated
964,2019,Gove,Sorghum,SorghumGDD,79.4,Non-Irrigated
965,2020,Gove,Sorghum,SorghumGDD,87.7,Non-Irrigated
966,2000,Graham,Sorghum,SorghumGDD,57.8,Non-Irrigated
967,2001,Graham,Sorghum,SorghumGDD,72,Non-Irrigated
968,2002,Graham,Sorghum,SorghumGDD,25.5,Non-Irrigated
971,2005,Graham,Sorghum,SorghumGDD,73.5,Non-Irrigated
973,2007,Graham,Sorghum,SorghumGDD,92.1,Non-Irrigated
974,2008,Graham,Sorghum,SorghumGDD,85,Non-Irrigated
975,2009,Graham,Sorghum,SorghumGDD,71.1,Non-Irrigated
976,2010,Graham,Sorghum,SorghumGDD,64.1,Non-Irrigated
977,2011,Graham,Sorghum,SorghumGDD,72.2,Non-Irrigated
978,2012,Graham,Sorghum,SorghumGDD,33,Non-Irrigated
979,2013,Graham,Sorghum,SorghumGDD,33.2,Non-Irrigated
980,2014,Graham,Sorghum,SorghumGDD,78.5,Non-Irrigated
981,2015,Graham,Sorghum,SorghumGDD,64.9,Non-Irrigated
982,2016,Graham,Sorghum,SorghumGDD,100.2,Non-Irrigated
983,2017,Graham,Sorghum,SorghumGDD,78.6,Non-Irrigated
984,2018,Graham,Sorghum,SorghumGDD,79.8,Non-Irrigated
985,2019,Graham,Sorghum,SorghumGDD,77.1,Non-Irrigated
986,2020,Graham,Sorghum,SorghumGDD,91.4,Non-Irrigated
987,2000,Graham,Sorghum,SorghumGDD,57.8,Non-Irrigated
988,2001,Graham,Sorghum,SorghumGDD,72,Non-Irrigated
989,2002,Graham,Sorghum,SorghumGDD,25.5,Non-Irrigated
992,2005,Graham,Sorghum,SorghumGDD,73.5,Non-Irrigated
994,2007,Graham,Sorghum,SorghumGDD,92.1,Non-Irrigated
995,2008,Graham,Sorghum,SorghumGDD,85,Non-Irrigated
996,2009,Graham,Sorghum,SorghumGDD,71.1,Non-Irrigated
997,2010,Graham,Sorghum,SorghumGDD,64.1,Non-Irrigated
998,2011,Graham,Sorghum,SorghumGDD,72.2,Non-Irrigated
999,2012,Graham,Sorghum,SorghumGDD,33,Non-Irrigated
1000,2013,Graham,Sorghum,SorghumGDD,33.2,Non-Irrigated
1001,2014,Graham,Sorghum,SorghumGDD,78.5,Non-Irrigated
1002,2015,Graham,Sorghum,SorghumGDD,64.9,Non-Irrigated
1003,2016,Graham,Sorghum,SorghumGDD,100.2,Non-Irrigated
1004,2017,Graham,Sorghum,SorghumGDD,78.6,Non-Irrigated
1005,2018,Graham,Sorghum,SorghumGDD,79.8,Non-Irrigated
1006,2019,Graham,Sorghum,SorghumGDD,77.1,Non-Irrigated
1007,2020,Graham,Sorghum,SorghumGDD,91.4,Non-Irrigated
1013,2005,Logan,Sorghum,SorghumGDD,104,Irrigated
1014,2006,Logan,Sorghum,SorghumGDD,98.4,Irrigated
1015,2007,Logan,Sorghum,SorghumGDD,114.7,Irrigated
1016,2008,Logan,Sorghum,SorghumGDD,90.8,Irrigated
1017,2009,Logan,Sorghum,SorghumGDD,108.7,Irrigated
1018,2010,Logan,Sorghum,SorghumGDD,108.9,Irrigated
1019,2011,Logan,Sorghum,SorghumGDD,101.6,Irrigated
1020,2012,Logan,Sorghum,SorghumGDD,69.6,Irrigated
1021,2013,Logan,Sorghum,SorghumGDD,96.7,Irrigated
1022,2014,Logan,Sorghum,SorghumGDD,101.5,Irrigated
1023,2015,Logan,Sorghum,SorghumGDD,111.3,Irrigated
1024,2016,Logan,Sorghum,SorghumGDD,108.9,Irrigated
1025,2017,Logan,Sorghum,SorghumGDD,106.4,Irrigated
1026,2018,Logan,Sorghum,SorghumGDD,86,Irrigated
1027,2019,Logan,Sorghum,SorghumGDD,121.4,Irrigated
1028,2020,Logan,Sorghum,SorghumGDD,101.8,Irrigated
1029,2000,Logan,Sorghum,SorghumGDD,40.7,Non-Irrigated
1030,2001,Logan,Sorghum,SorghumGDD,61.2,Non-Irrigated
1032,2003,Logan,Sorghum,SorghumGDD,24.1,Non-Irrigated
1034,2005,Logan,Sorghum,SorghumGDD,67.8,Non-Irrigated
1035,2006,Logan,Sorghum,SorghumGDD,46.4,Non-Irrigated
1036,2007,Logan,Sorghum,SorghumGDD,77.8,Non-Irrigated
1037,2008,Logan,Sorghum,SorghumGDD,54.5,Non-Irrigated
1038,2009,Logan,Sorghum,SorghumGDD,75.9,Non-Irrigated
1039,2010,Logan,Sorghum,SorghumGDD,81,Non-Irrigated
1040,2011,Logan,Sorghum,SorghumGDD,60,Non-Irrigated
1041,2012,Logan,Sorghum,SorghumGDD,37.3,Non-Irrigated
1042,2013,Logan,Sorghum,SorghumGDD,39.8,Non-Irrigated
1043,2014,Logan,Sorghum,SorghumGDD,67.5,Non-Irrigated
1044,2015,Logan,Sorghum,SorghumGDD,82.4,Non-Irrigated
1045,2016,Logan,Sorghum,SorghumGDD,91.8,Non-Irrigated
1046,2017,Logan,Sorghum,SorghumGDD,81.5,Non-Irrigated
1047,2018,Logan,Sorghum,SorghumGDD,75.5,Non-Irrigated
1048,2019,Logan,Sorghum,SorghumGDD,90.5,Non-Irrigated
1049,2020,Logan,Sorghum,SorghumGDD,65.5,Non-Irrigated
1051,2001,Rawlins,Sorghum,SorghumGDD,90.9,Irrigated
1055,2005,Rawlins,Sorghum,SorghumGDD,105.1,Irrigated
1056,2006,Rawlins,Sorghum,SorghumGDD,83.4,Irrigated
1058,2008,Rawlins,Sorghum,SorghumGDD,101,Irrigated
1059,2009,Rawlins,Sorghum,SorghumGDD,94.3,Irrigated
1060,2010,Rawlins,Sorghum,SorghumGDD,116,Irrigated
1061,2011,Rawlins,Sorghum,SorghumGDD,67.1,Irrigated
1062,2012,Rawlins,Sorghum,SorghumGDD,79.8,Irrigated
1063,2013,Rawlins,Sorghum,SorghumGDD,96.7,Irrigated
1064,2014,Rawlins,Sorghum,SorghumGDD,101.4,Irrigated
1065,2015,Rawlins,Sorghum,SorghumGDD,102.3,Irrigated
1066,2016,Rawlins,Sorghum,SorghumGDD,102,Irrigated
1067,2017,Rawlins,Sorghum,SorghumGDD,111,Irrigated
1068,2018,Rawlins,Sorghum,SorghumGDD,96.6,Irrigated
1069,2019,Rawlins,Sorghum,SorghumGDD,123.4,Irrigated
1070,2020,Rawlins,Sorghum,SorghumGDD,106.3,Irrigated
1072,2001,Rawlins,Sorghum,SorghumGDD,59,Non-Irrigated
1076,2005,Rawlins,Sorghum,SorghumGDD,54.9,Non-Irrigated
1079,2008,Rawlins,Sorghum,SorghumGDD,77.6,Non-Irrigated
1080,2009,Rawlins,Sorghum,SorghumGDD,48.7,Non-Irrigated
1081,2010,Rawlins,Sorghum,SorghumGDD,92.9,Non-Irrigated
1082,2011,Rawlins,Sorghum,SorghumGDD,78.7,Non-Irrigated
1083,2012,Rawlins,Sorghum,SorghumGDD,20.2,Non-Irrigated
1084,2013,Rawlins,Sorghum,SorghumGDD,21.1,Non-Irrigated
1085,2014,Rawlins,Sorghum,SorghumGDD,63.5,Non-Irrigated
1086,2015,Rawlins,Sorghum,SorghumGDD,71.4,Non-Irrigated
1087,2016,Rawlins,Sorghum,SorghumGDD,78.4,Non-Irrigated
1088,2017,Rawlins,Sorghum,SorghumGDD,86,Non-Irrigated
1089,2018,Rawlins,Sorghum,SorghumGDD,89.6,Non-Irrigated
1090,2019,Rawlins,Sorghum,SorghumGDD,81.9,Non-Irrigated
1091,2020,Rawlins,Sorghum,SorghumGDD,60.9,Non-Irrigated
1092,2000,Sheridan,Sorghum,SorghumGDD,51.2,Non-Irrigated
1094,2002,Sheridan,Sorghum,SorghumGDD,16.5,Non-Irrigated
1095,2003,Sheridan,Sorghum,SorghumGDD,7.3,Non-Irrigated
1096,2004,Sheridan,Sorghum,SorghumGDD,35.8,Non-Irrigated
1097,2005,Sheridan,Sorghum,SorghumGDD,68.5,Non-Irrigated
1100,2008,Sheridan,Sorghum,SorghumGDD,84.1,Non-Irrigated
1101,2009,Sheridan,Sorghum,SorghumGDD,89.9,Non-Irrigated
1102,2010,Sheridan,Sorghum,SorghumGDD,80.9,Non-Irrigated
1103,2011,Sheridan,Sorghum,SorghumGDD,70.7,Non-Irrigated
1104,2012,Sheridan,Sorghum,SorghumGDD,44.4,Non-Irrigated
1105,2013,Sheridan,Sorghum,SorghumGDD,39.3,Non-Irrigated
1106,2014,Sheridan,Sorghum,SorghumGDD,44.4,Non-Irrigated
1107,2015,Sheridan,Sorghum,SorghumGDD,57.2,Non-Irrigated
1108,2016,Sheridan,Sorghum,SorghumGDD,90.4,Non-Irrigated
1109,2017,Sheridan,Sorghum,SorghumGDD,75.4,Non-Irrigated
1110,2018,Sheridan,Sorghum,SorghumGDD,96,Non-Irrigated
1111,2019,Sheridan,Sorghum,SorghumGDD,77.4,Non-Irrigated
1112,2020,Sheridan,Sorghum,SorghumGDD,88.6,Non-Irrigated
1113,2000,Sheridan,Sorghum,SorghumGDD,51.2,Non-Irrigated
1115,2002,Sheridan,Sorghum,SorghumGDD,16.5,Non-Irrigated
1116,2003,Sheridan,Sorghum,SorghumGDD,7.3,Non-Irrigated
1117,2004,Sheridan,Sorghum,SorghumGDD,35.8,Non-Irrigated
1118,2005,Sheridan,Sorghum,SorghumGDD,68.5,Non-Irrigated
1121,2008,Sheridan,Sorghum,SorghumGDD,84.1,Non-Irrigated
1122,2009,Sheridan,Sorghum,SorghumGDD,89.9,Non-Irrigated
1123,2010,Sheridan,Sorghum,SorghumGDD,80.9,Non-Irrigated
1124,2011,Sheridan,Sorghum,SorghumGDD,70.7,Non-Irrigated
1125,2012,Sheridan,Sorghum,SorghumGDD,44.4,Non-Irrigated
1126,2013,Sheridan,Sorghum,SorghumGDD,39.3,Non-Irrigated
1127,2014,Sheridan,Sorghum,SorghumGDD,44.4,Non-Irrigated
1128,2015,Sheridan,Sorghum,SorghumGDD,57.2,Non-Irrigated
1129,2016,Sheridan,Sorghum,SorghumGDD,90.4,Non-Irrigated
1130,2017,Sheridan,Sorghum,SorghumGDD,75.4,Non-Irrigated
1131,2018,Sheridan,Sorghum,SorghumGDD,96,Non-Irrigated
1132,2019,Sheridan,Sorghum,SorghumGDD,77.4,Non-Irrigated
1133,2020,Sheridan,Sorghum,SorghumGDD,88.6,Non-Irrigated
1135,2001,Sherman,Sorghum,SorghumGDD,87,Irrigated
1136,2002,Sherman,Sorghum,SorghumGDD,36.3,Irrigated
1138,2004,Sherman,Sorghum,SorghumGDD,80.1,Irrigated
1142,2008,Sherman,Sorghum,SorghumGDD,102.2,Irrigated
1143,2009,Sherman,Sorghum,SorghumGDD,85.9,Irrigated
1144,2010,Sherman,Sorghum,SorghumGDD,117.2,Irrigated
1145,2011,Sherman,Sorghum,SorghumGDD,91.5,Irrigated
1146,2012,Sherman,Sorghum,SorghumGDD,55,Irrigated
1147,2013,Sherman,Sorghum,SorghumGDD,97.1,Irrigated
1148,2014,Sherman,Sorghum,SorghumGDD,103,Irrigated
1149,2015,Sherman,Sorghum,SorghumGDD,104.4,Irrigated
1150,2016,Sherman,Sorghum,SorghumGDD,96.5,Irrigated
1151,2017,Sherman,Sorghum,SorghumGDD,94.6,Irrigated
1152,2018,Sherman,Sorghum,SorghumGDD,77.2,Irrigated
1153,2019,Sherman,Sorghum,SorghumGDD,114.9,Irrigated
1154,2020,Sherman,Sorghum,SorghumGDD,103.8,Irrigated
1157,2002,Sherman,Sorghum,SorghumGDD,1.5,Non-Irrigated
1160,2005,Sherman,Sorghum,SorghumGDD,33,Non-Irrigated
1162,2007,Sherman,Sorghum,SorghumGDD,69.9,Non-Irrigated
1163,2008,Sherman,Sorghum,SorghumGDD,41.7,Non-Irrigated
1164,2009,Sherman,Sorghum,SorghumGDD,62.2,Non-Irrigated
1165,2010,Sherman,Sorghum,SorghumGDD,88.4,Non-Irrigated
1166,2011,Sherman,Sorghum,SorghumGDD,76.1,Non-Irrigated
1167,2012,Sherman,Sorghum,SorghumGDD,23.7,Non-Irrigated
1168,2013,Sherman,Sorghum,SorghumGDD,13.5,Non-Irrigated
1169,2014,Sherman,Sorghum,SorghumGDD,56.6,Non-Irrigated
1170,2015,Sherman,Sorghum,SorghumGDD,77.2,Non-Irrigated
1171,2016,Sherman,Sorghum,SorghumGDD,71.5,Non-Irrigated
1172,2017,Sherman,Sorghum,SorghumGDD,69.7,Non-Irrigated
1173,2018,Sherman,Sorghum,SorghumGDD,67.4,Non-Irrigated
1174,2019,Sherman,Sorghum,SorghumGDD,88,Non-Irrigated
1175,2020,Sherman,Sorghum,SorghumGDD,66.1,Non-Irrigated
1176,2000,Thomas,Sorghum,SorghumGDD,66.9,Irrigated
1178,2002,Thomas,Sorghum,SorghumGDD,42.7,Irrigated
1179,2003,Thomas,Sorghum,SorghumGDD,83.2,Irrigated
1181,2005,Thomas,Sorghum,SorghumGDD,108.1,Irrigated
1182,2006,Thomas,Sorghum,SorghumGDD,82.9,Irrigated
1184,2008,Thomas,Sorghum,SorghumGDD,100.1,Irrigated
1185,2009,Thomas,Sorghum,SorghumGDD,97.9,Irrigated
1186,2010,Thomas,Sorghum,SorghumGDD,92.9,Irrigated
1187,2011,Thomas,Sorghum,SorghumGDD,98.1,Irrigated
1188,2012,Thomas,Sorghum,SorghumGDD,84.1,Irrigated
1189,2013,Thomas,Sorghum,SorghumGDD,105.2,Irrigated
1190,2014,Thomas,Sorghum,SorghumGDD,119,Irrigated
1191,2015,Thomas,Sorghum,SorghumGDD,109.8,Irrigated
1192,2016,Thomas,Sorghum,SorghumGDD,104.8,Irrigated
1193,2017,Thomas,Sorghum,SorghumGDD,104.1,Irrigated
1194,2018,Thomas,Sorghum,SorghumGDD,99.4,Irrigated
1195,2019,Thomas,Sorghum,SorghumGDD,117.6,Irrigated
1196,2020,Thomas,Sorghum,SorghumGDD,115.7,Irrigated
1198,2001,Thomas,Sorghum,SorghumGDD,67.4,Non-Irrigated
1199,2002,Thomas,Sorghum,SorghumGDD,8.4,Non-Irrigated
1202,2005,Thomas,Sorghum,SorghumGDD,62.5,Non-Irrigated
1205,2008,Thomas,Sorghum,SorghumGDD,66.5,Non-Irrigated
1206,2009,Thomas,Sorghum,SorghumGDD,70.4,Non-Irrigated
1207,2010,Thomas,Sorghum,SorghumGDD,87.8,Non-Irrigated
1208,2011,Thomas,Sorghum,SorghumGDD,67.5,Non-Irrigated
1209,2012,Thomas,Sorghum,SorghumGDD,20.9,Non-Irrigated
1210,2013,Thomas,Sorghum,SorghumGDD,22.1,Non-Irrigated
1211,2014,Thomas,Sorghum,SorghumGDD,72.6,Non-Irrigated
1212,2015,Thomas,Sorghum,SorghumGDD,70.1,Non-Irrigated
1213,2016,Thomas,Sorghum,SorghumGDD,83.5,Non-Irrigated
1214,2017,Thomas,Sorghum,SorghumGDD,81.4,Non-Irrigated
1215,2018,Thomas,Sorghum,SorghumGDD,79.5,Non-Irrigated
1216,2019,Thomas,Sorghum,SorghumGDD,85.5,Non-Irrigated
1217,2020,Thomas,Sorghum,SorghumGDD,67.5,Non-Irrigated
1222,2004,Wallace,Sorghum,SorghumGDD,27.1,Non-Irrigated
1225,2007,Wallace,Sorghum,SorghumGDD,65.2,Non-Irrigated
1226,2008,Wallace,Sorghum,SorghumGDD,44.3,Non-Irrigated
1227,2009,Wallace,Sorghum,SorghumGDD,58.4,Non-Irrigated
1228,2010,Wallace,Sorghum,SorghumGDD,74,Non-Irrigated
1229,2011,Wallace,Sorghum,SorghumGDD,48,Non-Irrigated
1230,2012,Wallace,Sorghum,SorghumGDD,17.3,Non-Irrigated
1231,2013,Wallace,Sorghum,SorghumGDD,30.3,Non-Irrigated
1232,2014,Wallace,Sorghum,SorghumGDD,42.5,Non-Irrigated
1233,2015,Wallace,Sorghum,SorghumGDD,72.5,Non-Irrigated
1234,2016,Wallace,Sorghum,SorghumGDD,80.6,Non-Irrigated
1235,2017,Wallace,Sorghum,SorghumGDD,73.9,Non-Irrigated
1236,2018,Wallace,Sorghum,SorghumGDD,67,Non-Irrigated
1237,2019,Wallace,Sorghum,SorghumGDD,83.4,Non-Irrigated
1238,2020,Wallace,Sorghum,SorghumGDD,34.3,Non-Irrigated
1243,2004,Wallace,Sorghum,SorghumGDD,27.1,Non-Irrigated
1246,2007,Wallace,Sorghum,SorghumGDD,65.2,Non-Irrigated
1247,2008,Wallace,Sorghum,SorghumGDD,44.3,Non-Irrigated
1248,2009,Wallace,Sorghum,SorghumGDD,58.4,Non-Irrigated
1249,2010,Wallace,Sorghum,SorghumGDD,74,Non-Irrigated
1250,2011,Wallace,Sorghum,SorghumGDD,48,Non-Irrigated
1251,2012,Wallace,Sorghum,SorghumGDD,17.3,Non-Irrigated
1252,2013,Wallace,Sorghum,SorghumGDD,30.3,Non-Irrigated
1253,2014,Wallace,Sorghum,SorghumGDD,42.5,Non-Irrigated
1254,2015,Wallace,Sorghum,SorghumGDD,72.5,Non-Irrigated
1255,2016,Wallace,Sorghum,SorghumGDD,80.6,Non-Irrigated
1256,2017,Wallace,Sorghum,SorghumGDD,73.9,Non-Irrigated
1257,2018,Wallace,Sorghum,SorghumGDD,67,Non-Irrigated
1258,2019,Wallace,Sorghum,SorghumGDD,83.4,Non-Irrigated
1259,2020,Wallace,Sorghum,SorghumGDD,34.3,Non-Irrigated
1260,2000,Cheyenne,Soybean,SoybeanGDD,37.1,Irrigated
1262,2002,Cheyenne,Soybean,SoybeanGDD,37.6,Irrigated
1263,2003,Cheyenne,Soybean,SoybeanGDD,51.2,Irrigated
1265,2005,Cheyenne,Soybean,SoybeanGDD,54.1,Irrigated
1266,2006,Cheyenne,Soybean,SoybeanGDD,56,Irrigated
1267,2007,Cheyenne,Soybean,SoybeanGDD,67.7,Irrigated
1268,2008,Cheyenne,Soybean,SoybeanGDD,53.4,Irrigated
1269,2009,Cheyenne,Soybean,SoybeanGDD,58.2,Irrigated
1270,2010,Cheyenne,Soybean,SoybeanGDD,59.8,Irrigated
1271,2011,Cheyenne,Soybean,SoybeanGDD,58.1,Irrigated
1272,2012,Cheyenne,Soybean,SoybeanGDD,55.2,Irrigated
1273,2013,Cheyenne,Soybean,SoybeanGDD,50.7,Irrigated
1274,2014,Cheyenne,Soybean,SoybeanGDD,51.4,Irrigated
1275,2015,Cheyenne,Soybean,SoybeanGDD,64.3,Irrigated
1276,2016,Cheyenne,Soybean,SoybeanGDD,61.2,Irrigated
1277,2017,Cheyenne,Soybean,SoybeanGDD,55.4,Irrigated
1278,2018,Cheyenne,Soybean,SoybeanGDD,44.4,Irrigated
1279,2019,Cheyenne,Soybean,SoybeanGDD,59.4,Irrigated
1280,2020,Cheyenne,Soybean,SoybeanGDD,55.5,Irrigated
1281,2000,Cheyenne,Soybean,SoybeanGDD,7.2,Non-Irrigated
1283,2002,Cheyenne,Soybean,SoybeanGDD,1.9,Non-Irrigated
1286,2005,Cheyenne,Soybean,SoybeanGDD,19,Non-Irrigated
1287,2006,Cheyenne,Soybean,SoybeanGDD,10.4,Non-Irrigated
1288,2007,Cheyenne,Soybean,SoybeanGDD,25.9,Non-Irrigated
1289,2008,Cheyenne,Soybean,SoybeanGDD,18.1,Non-Irrigated
1290,2009,Cheyenne,Soybean,SoybeanGDD,28.9,Non-Irrigated
1291,2010,Cheyenne,Soybean,SoybeanGDD,27.5,Non-Irrigated
1292,2011,Cheyenne,Soybean,SoybeanGDD,19.8,Non-Irrigated
1293,2012,Cheyenne,Soybean,SoybeanGDD,5.4,Non-Irrigated
1294,2013,Cheyenne,Soybean,SoybeanGDD,4.8,Non-Irrigated
1295,2014,Cheyenne,Soybean,SoybeanGDD,21.3,Non-Irrigated
1296,2015,Cheyenne,Soybean,SoybeanGDD,21.2,Non-Irrigated
1297,2016,Cheyenne,Soybean,SoybeanGDD,32.2,Non-Irrigated
1298,2017,Cheyenne,Soybean,SoybeanGDD,26,Non-Irrigated
1299,2018,Cheyenne,Soybean,SoybeanGDD,36.8,Non-Irrigated
1300,2019,Cheyenne,Soybean,SoybeanGDD,39.4,Non-Irrigated
1301,2020,Cheyenne,Soybean,SoybeanGDD,19.2,Non-Irrigated
1302,2000,Decatur,Soybean,SoybeanGDD,26.6,Irrigated
1303,2001,Decatur,Soybean,SoybeanGDD,47.7,Irrigated
1304,2002,Decatur,Soybean,SoybeanGDD,41.5,Irrigated
1305,2003,Decatur,Soybean,SoybeanGDD,45.1,Irrigated
1306,2004,Decatur,Soybean,SoybeanGDD,46.6,Irrigated
1308,2006,Decatur,Soybean,SoybeanGDD,55.6,Irrigated
1309,2007,Decatur,Soybean,SoybeanGDD,54.7,Irrigated
1310,2008,Decatur,Soybean,SoybeanGDD,53.3,Irrigated
1311,2009,Decatur,Soybean,SoybeanGDD,62.8,Irrigated
1312,2010,Decatur,Soybean,SoybeanGDD,62.6,Irrigated
1313,2011,Decatur,Soybean,SoybeanGDD,50.9,Irrigated
1314,2012,Decatur,Soybean,SoybeanGDD,48.4,Irrigated
1315,2013,Decatur,Soybean,SoybeanGDD,47,Irrigated
1316,2014,Decatur,Soybean,SoybeanGDD,61.7,Irrigated
1317,2015,Decatur,Soybean,SoybeanGDD,65.1,Irrigated
1318,2016,Decatur,Soybean,SoybeanGDD,60.6,Irrigated
1319,2017,Decatur,Soybean,SoybeanGDD,62.8,Irrigated
1320,2018,Decatur,Soybean,SoybeanGDD,67.3,Irrigated
1321,2019,Decatur,Soybean,SoybeanGDD,61.4,Irrigated
1322,2020,Decatur,Soybean,SoybeanGDD,44.8,Irrigated
1323,2000,Decatur,Soybean,SoybeanGDD,3.6,Non-Irrigated
1325,2002,Decatur,Soybean,SoybeanGDD,1.9,Non-Irrigated
1326,2003,Decatur,Soybean,SoybeanGDD,6.3,Non-Irrigated
1327,2004,Decatur,Soybean,SoybeanGDD,4.4,Non-Irrigated
1329,2006,Decatur,Soybean,SoybeanGDD,14.8,Non-Irrigated
1330,2007,Decatur,Soybean,SoybeanGDD,21,Non-Irrigated
1331,2008,Decatur,Soybean,SoybeanGDD,24.8,Non-Irrigated
1332,2009,Decatur,Soybean,SoybeanGDD,40.6,Non-Irrigated
1333,2010,Decatur,Soybean,SoybeanGDD,26.7,Non-Irrigated
1334,2011,Decatur,Soybean,SoybeanGDD,35.1,Non-Irrigated
1335,2012,Decatur,Soybean,SoybeanGDD,12.4,Non-Irrigated
1336,2013,Decatur,Soybean,SoybeanGDD,6.4,Non-Irrigated
1337,2014,Decatur,Soybean,SoybeanGDD,19.6,Non-Irrigated
1338,2015,Decatur,Soybean,SoybeanGDD,22.6,Non-Irrigated
1339,2016,Decatur,Soybean,SoybeanGDD,33.3,Non-Irrigated
1340,2017,Decatur,Soybean,SoybeanGDD,35.9,Non-Irrigated
1341,2018,Decatur,Soybean,SoybeanGDD,47.6,Non-Irrigated
1342,2019,Decatur,Soybean,SoybeanGDD,43.3,Non-Irrigated
1343,2020,Decatur,Soybean,SoybeanGDD,24.6,Non-Irrigated
1344,2000,Gove,Soybean,SoybeanGDD,48.4,Irrigated
1346,2002,Gove,Soybean,SoybeanGDD,41.1,Irrigated
1347,2003,Gove,Soybean,SoybeanGDD,50,Irrigated
1349,2005,Gove,Soybean,SoybeanGDD,59.5,Irrigated
1351,2007,Gove,Soybean,SoybeanGDD,63.3,Irrigated
1352,2008,Gove,Soybean,SoybeanGDD,57.6,Irrigated
1353,2009,Gove,Soybean,SoybeanGDD,67.5,Irrigated
1354,2010,Gove,Soybean,SoybeanGDD,60.1,Irrigated
1355,2011,Gove,Soybean,SoybeanGDD,56.2,Irrigated
1356,2012,Gove,Soybean,SoybeanGDD,54,Irrigated
1357,2013,Gove,Soybean,SoybeanGDD,55,Irrigated
1358,2014,Gove,Soybean,SoybeanGDD,62.3,Irrigated
1359,2015,Gove,Soybean,SoybeanGDD,61.6,Irrigated
1360,2016,Gove,Soybean,SoybeanGDD,61.1,Irrigated
1361,2017,Gove,Soybean,SoybeanGDD,61.3,Irrigated
1362,2018,Gove,Soybean,SoybeanGDD,66.8,Irrigated
1363,2019,Gove,Soybean,SoybeanGDD,66.3,Irrigated
1364,2020,Gove,Soybean,SoybeanGDD,63.4,Irrigated
1365,2000,Gove,Soybean,SoybeanGDD,10.4,Non-Irrigated
1367,2002,Gove,Soybean,SoybeanGDD,2,Non-Irrigated
1369,2004,Gove,Soybean,SoybeanGDD,9,Non-Irrigated
1370,2005,Gove,Soybean,SoybeanGDD,17.3,Non-Irrigated
1372,2007,Gove,Soybean,SoybeanGDD,21.3,Non-Irrigated
1373,2008,Gove,Soybean,SoybeanGDD,24.2,Non-Irrigated
1374,2009,Gove,Soybean,SoybeanGDD,31.1,Non-Irrigated
1375,2010,Gove,Soybean,SoybeanGDD,17.1,Non-Irrigated
1376,2011,Gove,Soybean,SoybeanGDD,13.1,Non-Irrigated
1377,2012,Gove,Soybean,SoybeanGDD,5.9,Non-Irrigated
1378,2013,Gove,Soybean,SoybeanGDD,8.5,Non-Irrigated
1379,2014,Gove,Soybean,SoybeanGDD,25.3,Non-Irrigated
1380,2015,Gove,Soybean,SoybeanGDD,15.4,Non-Irrigated
1381,2016,Gove,Soybean,SoybeanGDD,32.4,Non-Irrigated
1382,2017,Gove,Soybean,SoybeanGDD,23.3,Non-Irrigated
1383,2018,Gove,Soybean,SoybeanGDD,37.6,Non-Irrigated
1384,2019,Gove,Soybean,SoybeanGDD,27.6,Non-Irrigated
1385,2020,Gove,Soybean,SoybeanGDD,28,Non-Irrigated
1386,2000,Graham,Soybean,SoybeanGDD,49.7,Irrigated
1387,2001,Graham,Soybean,SoybeanGDD,59.7,Irrigated
1388,2002,Graham,Soybean,SoybeanGDD,43.3,Irrigated
1389,2003,Graham,Soybean,SoybeanGDD,50.3,Irrigated
1390,2004,Graham,Soybean,SoybeanGDD,51.9,Irrigated
1392,2006,Graham,Soybean,SoybeanGDD,46.5,Irrigated
1394,2008,Graham,Soybean,SoybeanGDD,58.1,Irrigated
1395,2009,Graham,Soybean,SoybeanGDD,68.1,Irrigated
1396,2010,Graham,Soybean,SoybeanGDD,60.2,Irrigated
1397,2011,Graham,Soybean,SoybeanGDD,54.9,Irrigated
1398,2012,Graham,Soybean,SoybeanGDD,56.2,Irrigated
1399,2013,Graham,Soybean,SoybeanGDD,55.6,Irrigated
1400,2014,Graham,Soybean,SoybeanGDD,62.8,Irrigated
1401,2015,Graham,Soybean,SoybeanGDD,60.7,Irrigated
1402,2016,Graham,Soybean,SoybeanGDD,58.8,Irrigated
1403,2017,Graham,Soybean,SoybeanGDD,61.6,Irrigated
1404,2018,Graham,Soybean,SoybeanGDD,68.6,Irrigated
1405,2019,Graham,Soybean,SoybeanGDD,64.6,Irrigated
1406,2020,Graham,Soybean,SoybeanGDD,64.1,Irrigated
1407,2000,Graham,Soybean,SoybeanGDD,3.7,Non-Irrigated
1408,2001,Graham,Soybean,SoybeanGDD,20.7,Non-Irrigated
1409,2002,Graham,Soybean,SoybeanGDD,1.7,Non-Irrigated
1410,2003,Graham,Soybean,SoybeanGDD,4.5,Non-Irrigated
1411,2004,Graham,Soybean,SoybeanGDD,4.1,Non-Irrigated
1413,2006,Graham,Soybean,SoybeanGDD,13.3,Non-Irrigated
1414,2007,Graham,Soybean,SoybeanGDD,19.9,Non-Irrigated
1415,2008,Graham,Soybean,SoybeanGDD,28.3,Non-Irrigated
1416,2009,Graham,Soybean,SoybeanGDD,37.3,Non-Irrigated
1417,2010,Graham,Soybean,SoybeanGDD,22.8,Non-Irrigated
1418,2011,Graham,Soybean,SoybeanGDD,29.2,Non-Irrigated
1419,2012,Graham,Soybean,SoybeanGDD,10.1,Non-Irrigated
1420,2013,Graham,Soybean,SoybeanGDD,6.8,Non-Irrigated
1421,2014,Graham,Soybean,SoybeanGDD,22.8,Non-Irrigated
1422,2015,Graham,Soybean,SoybeanGDD,20.7,Non-Irrigated
1423,2016,Graham,Soybean,SoybeanGDD,34.2,Non-Irrigated
1424,2017,Graham,Soybean,SoybeanGDD,34,Non-Irrigated
1425,2018,Graham,Soybean,SoybeanGDD,51.7,Non-Irrigated
1426,2019,Graham,Soybean,SoybeanGDD,41.8,Non-Irrigated
1427,2020,Graham,Soybean,SoybeanGDD,27.9,Non-Irrigated
1428,2000,Logan,Soybean,SoybeanGDD,37.3,Irrigated
1429,2001,Logan,Soybean,SoybeanGDD,51.1,Irrigated
1430,2002,Logan,Soybean,SoybeanGDD,34.3,Irrigated
1431,2003,Logan,Soybean,SoybeanGDD,48.9,Irrigated
1432,2004,Logan,Soybean,SoybeanGDD,42.4,Irrigated
1433,2005,Logan,Soybean,SoybeanGDD,56.1,Irrigated
1434,2006,Logan,Soybean,SoybeanGDD,54.9,Irrigated
1435,2007,Logan,Soybean,SoybeanGDD,61.9,Irrigated
1436,2008,Logan,Soybean,SoybeanGDD,52.2,Irrigated
1437,2009,Logan,Soybean,SoybeanGDD,49.1,Irrigated
1438,2010,Logan,Soybean,SoybeanGDD,55.3,Irrigated
1439,2011,Logan,Soybean,SoybeanGDD,57.3,Irrigated
1440,2012,Logan,Soybean,SoybeanGDD,50.9,Irrigated
1441,2013,Logan,Soybean,SoybeanGDD,45.8,Irrigated
1442,2014,Logan,Soybean,SoybeanGDD,51.6,Irrigated
1443,2015,Logan,Soybean,SoybeanGDD,60.3,Irrigated
1444,2016,Logan,Soybean,SoybeanGDD,56.1,Irrigated
1445,2017,Logan,Soybean,SoybeanGDD,49.1,Irrigated
1446,2018,Logan,Soybean,SoybeanGDD,28.1,Irrigated
1447,2019,Logan,Soybean,SoybeanGDD,55.4,Irrigated
1448,2020,Logan,Soybean,SoybeanGDD,49.5,Irrigated
1449,2000,Logan,Soybean,SoybeanGDD,37.3,Irrigated
1450,2001,Logan,Soybean,SoybeanGDD,51.1,Irrigated
1451,2002,Logan,Soybean,SoybeanGDD,34.3,Irrigated
1452,2003,Logan,Soybean,SoybeanGDD,48.9,Irrigated
1453,2004,Logan,Soybean,SoybeanGDD,42.4,Irrigated
1454,2005,Logan,Soybean,SoybeanGDD,56.1,Irrigated
1455,2006,Logan,Soybean,SoybeanGDD,54.9,Irrigated
1456,2007,Logan,Soybean,SoybeanGDD,61.9,Irrigated
1457,2008,Logan,Soybean,SoybeanGDD,52.2,Irrigated
1458,2009,Logan,Soybean,SoybeanGDD,49.1,Irrigated
1459,2010,Logan,Soybean,SoybeanGDD,55.3,Irrigated
1460,2011,Logan,Soybean,SoybeanGDD,57.3,Irrigated
1461,2012,Logan,Soybean,SoybeanGDD,50.9,Irrigated
1462,2013,Logan,Soybean,SoybeanGDD,45.8,Irrigated
1463,2014,Logan,Soybean,SoybeanGDD,51.6,Irrigated
1464,2015,Logan,Soybean,SoybeanGDD,60.3,Irrigated
1465,2016,Logan,Soybean,SoybeanGDD,56.1,Irrigated
1466,2017,Logan,Soybean,SoybeanGDD,49.1,Irrigated
1467,2018,Logan,Soybean,SoybeanGDD,28.1,Irrigated
1468,2019,Logan,Soybean,SoybeanGDD,55.4,Irrigated
1469,2020,Logan,Soybean,SoybeanGDD,49.5,Irrigated
1470,2000,Rawlins,Soybean,SoybeanGDD,21.6,Irrigated
1471,2001,Rawlins,Soybean,SoybeanGDD,46.9,Irrigated
1472,2002,Rawlins,Soybean,SoybeanGDD,38.3,Irrigated
1473,2003,Rawlins,Soybean,SoybeanGDD,46.6,Irrigated
1474,2004,Rawlins,Soybean,SoybeanGDD,45,Irrigated
1475,2005,Rawlins,Soybean,SoybeanGDD,47.8,Irrigated
1476,2006,Rawlins,Soybean,SoybeanGDD,54.7,Irrigated
1477,2007,Rawlins,Soybean,SoybeanGDD,55,Irrigated
1478,2008,Rawlins,Soybean,SoybeanGDD,54.1,Irrigated
1479,2009,Rawlins,Soybean,SoybeanGDD,62.9,Irrigated
1480,2010,Rawlins,Soybean,SoybeanGDD,61.2,Irrigated
1481,2011,Rawlins,Soybean,SoybeanGDD,50.3,Irrigated
1482,2012,Rawlins,Soybean,SoybeanGDD,45.3,Irrigated
1483,2013,Rawlins,Soybean,SoybeanGDD,45.3,Irrigated
1484,2014,Rawlins,Soybean,SoybeanGDD,62.5,Irrigated
1485,2015,Rawlins,Soybean,SoybeanGDD,64,Irrigated
1486,2016,Rawlins,Soybean,SoybeanGDD,64.2,Irrigated
1487,2017,Rawlins,Soybean,SoybeanGDD,62.9,Irrigated
1488,2018,Rawlins,Soybean,SoybeanGDD,69.5,Irrigated
1489,2019,Rawlins,Soybean,SoybeanGDD,59,Irrigated
1490,2020,Rawlins,Soybean,SoybeanGDD,46.5,Irrigated
1491,2000,Rawlins,Soybean,SoybeanGDD,7.1,Non-Irrigated
1492,2001,Rawlins,Soybean,SoybeanGDD,16.1,Non-Irrigated
1493,2002,Rawlins,Soybean,SoybeanGDD,2,Non-Irrigated
1494,2003,Rawlins,Soybean,SoybeanGDD,8.3,Non-Irrigated
1495,2004,Rawlins,Soybean,SoybeanGDD,6.8,Non-Irrigated
1498,2007,Rawlins,Soybean,SoybeanGDD,28.4,Non-Irrigated
1499,2008,Rawlins,Soybean,SoybeanGDD,20.5,Non-Irrigated
1500,2009,Rawlins,Soybean,SoybeanGDD,30.2,Non-Irrigated
1501,2010,Rawlins,Soybean,SoybeanGDD,28.2,Non-Irrigated
1502,2011,Rawlins,Soybean,SoybeanGDD,20.3,Non-Irrigated
1503,2012,Rawlins,Soybean,SoybeanGDD,5.8,Non-Irrigated
1504,2013,Rawlins,Soybean,SoybeanGDD,4.6,Non-Irrigated
1505,2014,Rawlins,Soybean,SoybeanGDD,21.8,Non-Irrigated
1506,2015,Rawlins,Soybean,SoybeanGDD,21.5,Non-Irrigated
1507,2016,Rawlins,Soybean,SoybeanGDD,33,Non-Irrigated
1508,2017,Rawlins,Soybean,SoybeanGDD,29.6,Non-Irrigated
1509,2018,Rawlins,Soybean,SoybeanGDD,38.8,Non-Irrigated
1510,2019,Rawlins,Soybean,SoybeanGDD,41.9,Non-Irrigated
1511,2020,Rawlins,Soybean,SoybeanGDD,17.8,Non-Irrigated
1512,2000,Sheridan,Soybean,SoybeanGDD,51.5,Irrigated
1513,2001,Sheridan,Soybean,SoybeanGDD,61.4,Irrigated
1514,2002,Sheridan,Soybean,SoybeanGDD,43.7,Irrigated
1515,2003,Sheridan,Soybean,SoybeanGDD,51.5,Irrigated
1516,2004,Sheridan,Soybean,SoybeanGDD,54.4,Irrigated
1519,2007,Sheridan,Soybean,SoybeanGDD,66.5,Irrigated
1520,2008,Sheridan,Soybean,SoybeanGDD,60.4,Irrigated
1521,2009,Sheridan,Soybean,SoybeanGDD,69.7,Irrigated
1522,2010,Sheridan,Soybean,SoybeanGDD,61.1,Irrigated
1523,2011,Sheridan,Soybean,SoybeanGDD,56.5,Irrigated
1524,2012,Sheridan,Soybean,SoybeanGDD,56.3,Irrigated
1525,2013,Sheridan,Soybean,SoybeanGDD,56.6,Irrigated
1526,2014,Sheridan,Soybean,SoybeanGDD,63.2,Irrigated
1527,2015,Sheridan,Soybean,SoybeanGDD,61.1,Irrigated
1528,2016,Sheridan,Soybean,SoybeanGDD,60.2,Irrigated
1529,2017,Sheridan,Soybean,SoybeanGDD,61.2,Irrigated
1530,2018,Sheridan,Soybean,SoybeanGDD,70.1,Irrigated
1531,2019,Sheridan,Soybean,SoybeanGDD,66.3,Irrigated
1532,2020,Sheridan,Soybean,SoybeanGDD,63.9,Irrigated
1533,2000,Sheridan,Soybean,SoybeanGDD,4.3,Non-Irrigated
1534,2001,Sheridan,Soybean,SoybeanGDD,22.1,Non-Irrigated
1535,2002,Sheridan,Soybean,SoybeanGDD,1,Non-Irrigated
1536,2003,Sheridan,Soybean,SoybeanGDD,5,Non-Irrigated
1537,2004,Sheridan,Soybean,SoybeanGDD,6,Non-Irrigated
1538,2005,Sheridan,Soybean,SoybeanGDD,22.5,Non-Irrigated
1541,2008,Sheridan,Soybean,SoybeanGDD,25.5,Non-Irrigated
1542,2009,Sheridan,Soybean,SoybeanGDD,39.5,Non-Irrigated
1543,2010,Sheridan,Soybean,SoybeanGDD,24,Non-Irrigated
1544,2011,Sheridan,Soybean,SoybeanGDD,33.6,Non-Irrigated
1545,2012,Sheridan,Soybean,SoybeanGDD,12.5,Non-Irrigated
1546,2013,Sheridan,Soybean,SoybeanGDD,7.4,Non-Irrigated
1547,2014,Sheridan,Soybean,SoybeanGDD,21,Non-Irrigated
1548,2015,Sheridan,Soybean,SoybeanGDD,24.3,Non-Irrigated
1549,2016,Sheridan,Soybean,SoybeanGDD,34.2,Non-Irrigated
1550,2017,Sheridan,Soybean,SoybeanGDD,35.8,Non-Irrigated
1551,2018,Sheridan,Soybean,SoybeanGDD,51.6,Non-Irrigated
1552,2019,Sheridan,Soybean,SoybeanGDD,43.1,Non-Irrigated
1553,2020,Sheridan,Soybean,SoybeanGDD,27.2,Non-Irrigated
1554,2000,Sherman,Soybean,SoybeanGDD,37.6,Irrigated
1555,2001,Sherman,Soybean,SoybeanGDD,50.5,Irrigated
1556,2002,Sherman,Soybean,SoybeanGDD,36,Irrigated
1557,2003,Sherman,Soybean,SoybeanGDD,49.8,Irrigated
1558,2004,Sherman,Soybean,SoybeanGDD,42.7,Irrigated
1559,2005,Sherman,Soybean,SoybeanGDD,56.1,Irrigated
1560,2006,Sherman,Soybean,SoybeanGDD,54.9,Irrigated
1561,2007,Sherman,Soybean,SoybeanGDD,66.4,Irrigated
1562,2008,Sherman,Soybean,SoybeanGDD,51.8,Irrigated
1563,2009,Sherman,Soybean,SoybeanGDD,53.1,Irrigated
1564,2010,Sherman,Soybean,SoybeanGDD,56.6,Irrigated
1565,2011,Sherman,Soybean,SoybeanGDD,57.6,Irrigated
1566,2012,Sherman,Soybean,SoybeanGDD,52.9,Irrigated
1567,2013,Sherman,Soybean,SoybeanGDD,46.1,Irrigated
1568,2014,Sherman,Soybean,SoybeanGDD,51.5,Irrigated
1569,2015,Sherman,Soybean,SoybeanGDD,60.6,Irrigated
1570,2016,Sherman,Soybean,SoybeanGDD,56.1,Irrigated
1571,2017,Sherman,Soybean,SoybeanGDD,49.3,Irrigated
1572,2018,Sherman,Soybean,SoybeanGDD,27.3,Irrigated
1573,2019,Sherman,Soybean,SoybeanGDD,55.4,Irrigated
1574,2020,Sherman,Soybean,SoybeanGDD,49.1,Irrigated
1575,2000,Sherman,Soybean,SoybeanGDD,37.6,Irrigated
1576,2001,Sherman,Soybean,SoybeanGDD,50.5,Irrigated
1577,2002,Sherman,Soybean,SoybeanGDD,36,Irrigated
1578,2003,Sherman,Soybean,SoybeanGDD,49.8,Irrigated
1579,2004,Sherman,Soybean,SoybeanGDD,42.7,Irrigated
1580,2005,Sherman,Soybean,SoybeanGDD,56.1,Irrigated
1581,2006,Sherman,Soybean,SoybeanGDD,54.9,Irrigated
1582,2007,Sherman,Soybean,SoybeanGDD,66.4,Irrigated
1583,2008,Sherman,Soybean,SoybeanGDD,51.8,Irrigated
1584,2009,Sherman,Soybean,SoybeanGDD,53.1,Irrigated
1585,2010,Sherman,Soybean,SoybeanGDD,56.6,Irrigated
1586,2011,Sherman,Soybean,SoybeanGDD,57.6,Irrigated
1587,2012,Sherman,Soybean,SoybeanGDD,52.9,Irrigated
1588,2013,Sherman,Soybean,SoybeanGDD,46.1,Irrigated
1589,2014,Sherman,Soybean,SoybeanGDD,51.5,Irrigated
1590,2015,Sherman,Soybean,SoybeanGDD,60.6,Irrigated
1591,2016,Sherman,Soybean,SoybeanGDD,56.1,Irrigated
1592,2017,Sherman,Soybean,SoybeanGDD,49.3,Irrigated
1593,2018,Sherman,Soybean,SoybeanGDD,27.3,Irrigated
1594,2019,Sherman,Soybean,SoybeanGDD,55.4,Irrigated
1595,2020,Sherman,Soybean,SoybeanGDD,49.1,Irrigated
1596,2000,Thomas,Soybean,SoybeanGDD,41.3,Irrigated
1598,2002,Thomas,Soybean,SoybeanGDD,36.1,Irrigated
1599,2003,Thomas,Soybean,SoybeanGDD,42.7,Irrigated
1600,2004,Thomas,Soybean,SoybeanGDD,41.7,Irrigated
1602,2006,Thomas,Soybean,SoybeanGDD,54.2,Irrigated
1603,2007,Thomas,Soybean,SoybeanGDD,63.2,Irrigated
1604,2008,Thomas,Soybean,SoybeanGDD,56.5,Irrigated
1605,2009,Thomas,Soybean,SoybeanGDD,52.2,Irrigated
1606,2010,Thomas,Soybean,SoybeanGDD,58.8,Irrigated
1607,2011,Thomas,Soybean,SoybeanGDD,51.8,Irrigated
1608,2012,Thomas,Soybean,SoybeanGDD,52.9,Irrigated
1609,2013,Thomas,Soybean,SoybeanGDD,50.5,Irrigated
1610,2014,Thomas,Soybean,SoybeanGDD,59.4,Irrigated
1611,2015,Thomas,Soybean,SoybeanGDD,57.4,Irrigated
1612,2016,Thomas,Soybean,SoybeanGDD,57.5,Irrigated
1613,2017,Thomas,Soybean,SoybeanGDD,63.9,Irrigated
1614,2018,Thomas,Soybean,SoybeanGDD,55.5,Irrigated
1615,2019,Thomas,Soybean,SoybeanGDD,65.3,Irrigated
1616,2020,Thomas,Soybean,SoybeanGDD,56.2,Irrigated
1617,2000,Thomas,Soybean,SoybeanGDD,8.5,Non-Irrigated
1618,2001,Thomas,Soybean,SoybeanGDD,18.9,Non-Irrigated
1619,2002,Thomas,Soybean,SoybeanGDD,1.7,Non-Irrigated
1620,2003,Thomas,Soybean,SoybeanGDD,7.2,Non-Irrigated
1621,2004,Thomas,Soybean,SoybeanGDD,8.1,Non-Irrigated
1624,2007,Thomas,Soybean,SoybeanGDD,23.3,Non-Irrigated
1625,2008,Thomas,Soybean,SoybeanGDD,22.3,Non-Irrigated
1626,2009,Thomas,Soybean,SoybeanGDD,31.3,Non-Irrigated
1627,2010,Thomas,Soybean,SoybeanGDD,22.1,Non-Irrigated
1628,2011,Thomas,Soybean,SoybeanGDD,16.8,Non-Irrigated
1629,2012,Thomas,Soybean,SoybeanGDD,8.3,Non-Irrigated
1630,2013,Thomas,Soybean,SoybeanGDD,6.7,Non-Irrigated
1631,2014,Thomas,Soybean,SoybeanGDD,19,Non-Irrigated
1632,2015,Thomas,Soybean,SoybeanGDD,16.7,Non-Irrigated
1633,2016,Thomas,Soybean,SoybeanGDD,28.4,Non-Irrigated
1634,2017,Thomas,Soybean,SoybeanGDD,30.1,Non-Irrigated
1635,2018,Thomas,Soybean,SoybeanGDD,35.1,Non-Irrigated
1636,2019,Thomas,Soybean,SoybeanGDD,36.4,Non-Irrigated
1637,2020,Thomas,Soybean,SoybeanGDD,19.2,Non-Irrigated
1638,2000,Wallace,Soybean,SoybeanGDD,37.8,Irrigated
1639,2001,Wallace,Soybean,SoybeanGDD,50,Irrigated
1640,2002,Wallace,Soybean,SoybeanGDD,35.4,Irrigated
1641,2003,Wallace,Soybean,SoybeanGDD,49.5,Irrigated
1642,2004,Wallace,Soybean,SoybeanGDD,41.8,Irrigated
1643,2005,Wallace,Soybean,SoybeanGDD,54.7,Irrigated
1644,2006,Wallace,Soybean,SoybeanGDD,52.8,Irrigated
1645,2007,Wallace,Soybean,SoybeanGDD,66.3,Irrigated
1646,2008,Wallace,Soybean,SoybeanGDD,51.4,Irrigated
1647,2009,Wallace,Soybean,SoybeanGDD,52.2,Irrigated
1648,2010,Wallace,Soybean,SoybeanGDD,55.9,Irrigated
1649,2011,Wallace,Soybean,SoybeanGDD,56.9,Irrigated
1650,2012,Wallace,Soybean,SoybeanGDD,52.2,Irrigated
1651,2013,Wallace,Soybean,SoybeanGDD,46.1,Irrigated
1652,2014,Wallace,Soybean,SoybeanGDD,50.6,Irrigated
1653,2015,Wallace,Soybean,SoybeanGDD,60.4,Irrigated
1654,2016,Wallace,Soybean,SoybeanGDD,56.1,Irrigated
1655,2017,Wallace,Soybean,SoybeanGDD,49.6,Irrigated
1656,2018,Wallace,Soybean,SoybeanGDD,28.4,Irrigated
1657,2019,Wallace,Soybean,SoybeanGDD,55.4,Irrigated
1658,2020,Wallace,Soybean,SoybeanGDD,47.7,Irrigated
1659,2000,Wallace,Soybean,SoybeanGDD,37.8,Irrigated
1660,2001,Wallace,Soybean,SoybeanGDD,50,Irrigated
1661,2002,Wallace,Soybean,SoybeanGDD,35.4,Irrigated
1662,2003,Wallace,Soybean,SoybeanGDD,49.5,Irrigated
1663,2004,Wallace,Soybean,SoybeanGDD,41.8,Irrigated
1664,2005,Wallace,Soybean,SoybeanGDD,54.7,Irrigated
1665,2006,Wallace,Soybean,SoybeanGDD,52.8,Irrigated
1666,2007,Wallace,Soybean,SoybeanGDD,66.3,Irrigated
1667,2008,Wallace,Soybean,SoybeanGDD,51.4,Irrigated
1668,2009,Wallace,Soybean,SoybeanGDD,52.2,Irrigated
1669,2010,Wallace,Soybean,SoybeanGDD,55.9,Irrigated
1670,2011,Wallace,Soybean,SoybeanGDD,56.9,Irrigated
1671,2012,Wallace,Soybean,SoybeanGDD,52.2,Irrigated
1672,2013,Wallace,Soybean,SoybeanGDD,46.1,Irrigated
1673,2014,Wallace,Soybean,SoybeanGDD,50.6,Irrigated
1674,2015,Wallace,Soybean,SoybeanGDD,60.4,Irrigated
1675,2016,Wallace,Soybean,SoybeanGDD,56.1,Irrigated
1676,2017,Wallace,Soybean,SoybeanGDD,49.6,Irrigated
1677,2018,Wallace,Soybean,SoybeanGDD,28.4,Irrigated
1678,2019,Wallace,Soybean,SoybeanGDD,55.4,Irrigated
1679,2020,Wallace,Soybean,SoybeanGDD,47.7,Irrigated